11:41:56.907776783 [13] backend.hpp:83               LOG_INFO Parsing stream info: CREATE STREAM S {
EVENT BUY { id:int, name:string, volume:int, price:double, stock_time:int },
EVENT SELL { id:int, name:string, volume:int, price:double, stock_time:int }
}

11:41:56.908457044 [13] client_message_handler.hpp:179 LOG_INFO Received request for declaring stream S in ClientMessageHandler::stream_declaration_from_string
11:41:56.908664456 [13] client_message_handler.hpp:240 LOG_INFO Received query 
'SELECT * FROM S
WHERE (BUY as A; SELL as A)
FILTER A[name = 'A']
WITHIN 10 [stock_time]
CONSUME BY ANY
' in ClientMessageHandler::add_query
11:41:56.908664641 [13] backend.hpp:88               LOG_INFO Parsing query info: SELECT * FROM S
WHERE (BUY as A; SELL as A)
FILTER A[name = 'A']
WITHIN 10 [stock_time]
CONSUME BY ANY

11:41:57.596232908 [13] backend.hpp:83               LOG_INFO Parsing stream info: CREATE STREAM S {
EVENT BUY { id:int, name:string, volume:int, price:double, stock_time:int },
EVENT SELL { id:int, name:string, volume:int, price:double, stock_time:int }
}

11:41:57.596545690 [13] client_message_handler.hpp:179 LOG_INFO Received request for declaring stream S in ClientMessageHandler::stream_declaration_from_string
11:41:57.596835401 [13] client_message_handler.hpp:240 LOG_INFO Received query 
'SELECT * FROM S
WHERE (BUY as A; SELL as A)
FILTER A[name = 'A']
WITHIN 10 [stock_time]
CONSUME BY ANY
' in ClientMessageHandler::add_query
11:41:57.596835594 [13] backend.hpp:88               LOG_INFO Parsing query info: SELECT * FROM S
WHERE (BUY as A; SELL as A)
FILTER A[name = 'A']
WITHIN 10 [stock_time]
CONSUME BY ANY

11:47:58.384561063 [12] backend.hpp:83               LOG_INFO Parsing stream info: CREATE STREAM S {
EVENT BUY { id:int, name:string, volume:int, price:double, stock_time:primary_time },
EVENT SELL { id:int, name:string, volume:int, price:double, stock_time:primary_time }
}

11:47:58.385372461 [12] client_message_handler.hpp:179 LOG_INFO Received request for declaring stream S in ClientMessageHandler::stream_declaration_from_string
11:47:58.385675952 [12] client_message_handler.hpp:240 LOG_INFO Received query 
'SELECT * FROM S
WHERE (BUY as A; SELL as A)
FILTER A[name = 'A']
WITHIN 10 [stock_time]
CONSUME BY ANY
' in ClientMessageHandler::add_query
11:47:58.385676150 [12] backend.hpp:88               LOG_INFO Parsing query info: SELECT * FROM S
WHERE (BUY as A; SELL as A)
FILTER A[name = 'A']
WITHIN 10 [stock_time]
CONSUME BY ANY

11:47:59.082070896 [12] backend.hpp:83               LOG_INFO Parsing stream info: CREATE STREAM S {
EVENT BUY { id:int, name:string, volume:int, price:double, stock_time:int },
EVENT SELL { id:int, name:string, volume:int, price:double, stock_time:int }
}

11:47:59.082658683 [12] client_message_handler.hpp:179 LOG_INFO Received request for declaring stream S in ClientMessageHandler::stream_declaration_from_string
11:47:59.082941785 [12] client_message_handler.hpp:240 LOG_INFO Received query 
'SELECT * FROM S
WHERE (BUY as A; SELL as A)
FILTER A[name = 'A']
WITHIN 10 [stock_time]
CONSUME BY ANY
' in ClientMessageHandler::add_query
11:47:59.082942073 [12] backend.hpp:88               LOG_INFO Parsing query info: SELECT * FROM S
WHERE (BUY as A; SELL as A)
FILTER A[name = 'A']
WITHIN 10 [stock_time]
CONSUME BY ANY

11:49:52.161848855 [13] backend.hpp:83               LOG_INFO Parsing stream info: CREATE STREAM S {
EVENT BUY { id:int, name:string, volume:int, price:double, stock_time:primary_time },
EVENT SELL { id:int, name:string, volume:int, price:double, stock_time:primary_time }
}

11:49:52.162159737 [13] client_message_handler.hpp:179 LOG_INFO Received request for declaring stream S in ClientMessageHandler::stream_declaration_from_string
11:49:52.162593154 [13] client_message_handler.hpp:240 LOG_INFO Received query 
'SELECT * FROM S
WHERE (BUY as A; SELL as A)
FILTER A[name = 'A']
WITHIN 10 [stock_time]
CONSUME BY ANY
' in ClientMessageHandler::add_query
11:49:52.162593357 [13] backend.hpp:88               LOG_INFO Parsing query info: SELECT * FROM S
WHERE (BUY as A; SELL as A)
FILTER A[name = 'A']
WITHIN 10 [stock_time]
CONSUME BY ANY

11:49:52.841801618 [13] backend.hpp:83               LOG_INFO Parsing stream info: CREATE STREAM S {
EVENT BUY { id:int, name:string, volume:int, price:double, stock_time:primary_time },
EVENT SELL { id:int, name:string, volume:int, price:double, stock_time:primary_time }
}

11:49:52.842240919 [13] client_message_handler.hpp:179 LOG_INFO Received request for declaring stream S in ClientMessageHandler::stream_declaration_from_string
11:49:52.842418427 [13] client_message_handler.hpp:240 LOG_INFO Received query 
'SELECT * FROM S
WHERE (BUY as A; SELL as A)
FILTER A[name = 'A']
WITHIN 10 [stock_time]
CONSUME BY ANY
' in ClientMessageHandler::add_query
11:49:52.842418694 [13] backend.hpp:88               LOG_INFO Parsing query info: SELECT * FROM S
WHERE (BUY as A; SELL as A)
FILTER A[name = 'A']
WITHIN 10 [stock_time]
CONSUME BY ANY

11:51:53.228097416 [13] backend.hpp:83               LOG_INFO Parsing stream info: CREATE STREAM S {
EVENT BUY { id:int, name:string, volume:int, price:double, stock_time:primary_time },
EVENT SELL { id:int, name:string, volume:int, price:double, stock_time:primary_time }
}

11:51:53.228391244 [13] client_message_handler.hpp:179 LOG_INFO Received request for declaring stream S in ClientMessageHandler::stream_declaration_from_string
11:51:53.228699126 [13] client_message_handler.hpp:240 LOG_INFO Received query 
'SELECT * FROM S
WHERE (BUY as A; SELL as A)
FILTER A[name = 'A']
WITHIN 10 [stock_time]
CONSUME BY NONE
' in ClientMessageHandler::add_query
11:51:53.228699360 [13] backend.hpp:88               LOG_INFO Parsing query info: SELECT * FROM S
WHERE (BUY as A; SELL as A)
FILTER A[name = 'A']
WITHIN 10 [stock_time]
CONSUME BY NONE

11:51:53.902806074 [13] backend.hpp:83               LOG_INFO Parsing stream info: CREATE STREAM S {
EVENT BUY { id:int, name:string, volume:int, price:double, stock_time:primary_time },
EVENT SELL { id:int, name:string, volume:int, price:double, stock_time:primary_time }
}

11:51:53.903136102 [13] client_message_handler.hpp:179 LOG_INFO Received request for declaring stream S in ClientMessageHandler::stream_declaration_from_string
11:51:53.903400620 [13] client_message_handler.hpp:240 LOG_INFO Received query 
'SELECT * FROM S
WHERE (BUY as A; SELL as A)
FILTER A[name = 'A']
WITHIN 10 [stock_time]
CONSUME BY NONE
' in ClientMessageHandler::add_query
11:51:53.903401039 [13] backend.hpp:88               LOG_INFO Parsing query info: SELECT * FROM S
WHERE (BUY as A; SELL as A)
FILTER A[name = 'A']
WITHIN 10 [stock_time]
CONSUME BY NONE

11:52:48.246798991 [13] backend.hpp:83               LOG_INFO Parsing stream info: CREATE STREAM S {
EVENT BUY { id:int, name:string, volume:int, price:double, stock_time:primary_time },
EVENT SELL { id:int, name:string, volume:int, price:double, stock_time:primary_time }
}

11:52:48.247173528 [13] client_message_handler.hpp:179 LOG_INFO Received request for declaring stream S in ClientMessageHandler::stream_declaration_from_string
11:52:48.247460275 [13] client_message_handler.hpp:240 LOG_INFO Received query 
'SELECT * FROM S
WHERE (BUY as A; SELL as A)
FILTER A[name = 'A']
WITHIN 10 [stock_time]
CONSUME BY NONE
' in ClientMessageHandler::add_query
11:52:48.247460686 [13] backend.hpp:88               LOG_INFO Parsing query info: SELECT * FROM S
WHERE (BUY as A; SELL as A)
FILTER A[name = 'A']
WITHIN 10 [stock_time]
CONSUME BY NONE

11:52:48.935544270 [13] backend.hpp:83               LOG_INFO Parsing stream info: CREATE STREAM S {
EVENT BUY { id:int, name:string, volume:int, price:double, stock_time:primary_time },
EVENT SELL { id:int, name:string, volume:int, price:double, stock_time:primary_time }
}

11:52:48.935851444 [13] client_message_handler.hpp:179 LOG_INFO Received request for declaring stream S in ClientMessageHandler::stream_declaration_from_string
11:52:48.935945411 [13] client_message_handler.hpp:240 LOG_INFO Received query 
'SELECT * FROM S
WHERE (BUY as A; SELL as A)
FILTER A[name = 'A']
WITHIN 10 [stock_time]
CONSUME BY NONE
' in ClientMessageHandler::add_query
11:52:48.935945731 [13] backend.hpp:88               LOG_INFO Parsing query info: SELECT * FROM S
WHERE (BUY as A; SELL as A)
FILTER A[name = 'A']
WITHIN 10 [stock_time]
CONSUME BY NONE

08:36:46.964936753 [13] backend.hpp:83               LOG_INFO Parsing stream info: CREATE STREAM S {
EVENT BUY { id:int, name:string, volume:int, price:double, stock_time:primary_time },
EVENT SELL { id:int, name:string, volume:int, price:double, stock_time:primary_time }
}

08:36:46.966625073 [13] client_message_handler.hpp:179 LOG_INFO Received request for declaring stream S in ClientMessageHandler::stream_declaration_from_string
08:36:46.966987833 [13] client_message_handler.hpp:240 LOG_INFO Received query 
'SELECT * FROM S
WHERE (BUY as A; SELL as A)
FILTER A[name = 'A']
WITHIN 10 [stock_time]
CONSUME BY NONE
' in ClientMessageHandler::add_query
08:36:46.966988654 [13] backend.hpp:88               LOG_INFO Parsing query info: SELECT * FROM S
WHERE (BUY as A; SELL as A)
FILTER A[name = 'A']
WITHIN 10 [stock_time]
CONSUME BY NONE

08:38:08.281603906 [13] backend.hpp:83               LOG_INFO Parsing stream info: CREATE STREAM S {
EVENT BUY { id:int, name:string, volume:int, price:double, stock_time:primary_time },
EVENT SELL { id:int, name:string, volume:int, price:double, stock_time:primary_time }
}

08:38:08.282244886 [13] client_message_handler.hpp:179 LOG_INFO Received request for declaring stream S in ClientMessageHandler::stream_declaration_from_string
08:38:08.282515955 [13] client_message_handler.hpp:240 LOG_INFO Received query 
'SELECT * FROM S
WHERE (BUY as A; SELL as A)
FILTER A[name = 'A']
WITHIN 10 [stock_time]
CONSUME BY NONE
' in ClientMessageHandler::add_query
08:38:08.282516260 [13] backend.hpp:88               LOG_INFO Parsing query info: SELECT * FROM S
WHERE (BUY as A; SELL as A)
FILTER A[name = 'A']
WITHIN 10 [stock_time]
CONSUME BY NONE

08:38:37.787197912 [13] backend.hpp:83               LOG_INFO Parsing stream info: CREATE STREAM S {
EVENT BUY { id:int, name:string, volume:int, price:double, stock_time:primary_time },
EVENT SELL { id:int, name:string, volume:int, price:double, stock_time:primary_time }
}

08:38:37.787845170 [13] client_message_handler.hpp:179 LOG_INFO Received request for declaring stream S in ClientMessageHandler::stream_declaration_from_string
08:38:37.788232815 [13] client_message_handler.hpp:240 LOG_INFO Received query 
'SELECT * FROM S
WHERE (BUY as A; SELL as A)
FILTER A[name = 'A']
WITHIN 10 [stock_time]
CONSUME BY NONE
' in ClientMessageHandler::add_query
08:38:37.788233109 [13] backend.hpp:88               LOG_INFO Parsing query info: SELECT * FROM S
WHERE (BUY as A; SELL as A)
FILTER A[name = 'A']
WITHIN 10 [stock_time]
CONSUME BY NONE

08:46:04.553321776 [13] backend.hpp:83               LOG_INFO Parsing stream info: CREATE STREAM S {
EVENT BUY { id:int, name:string, volume:int, price:double, stock_time:primary_time },
EVENT SELL { id:int, name:string, volume:int, price:double, stock_time:primary_time }
}

08:46:04.553924976 [13] client_message_handler.hpp:179 LOG_INFO Received request for declaring stream S in ClientMessageHandler::stream_declaration_from_string
08:46:04.554296942 [13] client_message_handler.hpp:240 LOG_INFO Received query 
'SELECT * FROM S
WHERE (BUY as A; SELL as A)
FILTER A[name = 'A']
WITHIN 10 [stock_time]
CONSUME BY NONE
' in ClientMessageHandler::add_query
08:46:04.554297159 [13] backend.hpp:88               LOG_INFO Parsing query info: SELECT * FROM S
WHERE (BUY as A; SELL as A)
FILTER A[name = 'A']
WITHIN 10 [stock_time]
CONSUME BY NONE

08:54:51.514973391 [12] backend.hpp:83               LOG_INFO Parsing stream info: CREATE STREAM S {
EVENT BUY { id:int, name:string, volume:int, price:double, stock_time:primary_time },
EVENT SELL { id:int, name:string, volume:int, price:double, stock_time:primary_time }
}

08:54:51.516269024 [12] client_message_handler.hpp:179 LOG_INFO Received request for declaring stream S in ClientMessageHandler::stream_declaration_from_string
08:54:51.516416870 [12] client_message_handler.hpp:240 LOG_INFO Received query 
'SELECT * FROM S
WHERE (BUY as A; SELL as A)
FILTER A[name = 'A']
WITHIN 10 [stock_time]
CONSUME BY NONE
' in ClientMessageHandler::add_query
08:54:51.516417474 [12] backend.hpp:88               LOG_INFO Parsing query info: SELECT * FROM S
WHERE (BUY as A; SELL as A)
FILTER A[name = 'A']
WITHIN 10 [stock_time]
CONSUME BY NONE

09:05:01.311753377 [13] client_message_handler.hpp:179 LOG_INFO Received request for declaring stream S in ClientMessageHandler::stream_declaration_from_string
09:05:01.312258775 [13] client_message_handler.hpp:240 LOG_INFO Received query 
'SELECT * FROM S
WHERE (BUY as A; SELL as A)
FILTER A[name = 'A']
WITHIN 10 [stock_time]
CONSUME BY NONE
' in ClientMessageHandler::add_query
09:07:23.424852654 [13] client_message_handler.hpp:179 LOG_INFO Received request for declaring stream S in ClientMessageHandler::stream_declaration_from_string
09:07:23.425018730 [13] client_message_handler.hpp:240 LOG_INFO Received query 
'SELECT * FROM S
WHERE (BUY as A; SELL as A)
FILTER A[name = 'A']
WITHIN 10 [stock_time]
CONSUME BY NONE
' in ClientMessageHandler::add_query
09:07:30.509945273 [13] client_message_handler.hpp:179 LOG_INFO Received request for declaring stream S in ClientMessageHandler::stream_declaration_from_string
09:07:30.510225528 [13] client_message_handler.hpp:240 LOG_INFO Received query 
'SELECT * FROM S
WHERE (BUY as A; SELL as A)
FILTER A[name = 'A']
WITHIN 10 [stock_time]
CONSUME BY NONE
' in ClientMessageHandler::add_query
09:11:05.958546034 [13] client_message_handler.hpp:179 LOG_INFO Received request for declaring stream S in ClientMessageHandler::stream_declaration_from_string
09:11:05.958830297 [13] client_message_handler.hpp:240 LOG_INFO Received query 
'SELECT * FROM S
WHERE (BUY as A; SELL as A)
FILTER A[name = 'A']
WITHIN 10 [stock_time]
CONSUME BY NONE
' in ClientMessageHandler::add_query
09:14:42.157887013 [13] client_message_handler.hpp:179 LOG_INFO Received request for declaring stream S in ClientMessageHandler::stream_declaration_from_string
09:14:42.158012467 [13] client_message_handler.hpp:240 LOG_INFO Received query 
'SELECT * FROM S
WHERE (BUY as A; SELL as A)
FILTER A[name = 'A']
WITHIN 10 [stock_time]
CONSUME BY NONE
' in ClientMessageHandler::add_query
09:17:40.882475667 [13] client_message_handler.hpp:179 LOG_INFO Received request for declaring stream S in ClientMessageHandler::stream_declaration_from_string
09:17:40.882591771 [13] client_message_handler.hpp:240 LOG_INFO Received query 
'SELECT * FROM S
WHERE (BUY as A; SELL as A)
FILTER A[name = 'A']
WITHIN 10 [stock_time]
CONSUME BY NONE
' in ClientMessageHandler::add_query
09:21:29.002505977 [13] client_message_handler.hpp:179 LOG_INFO Received request for declaring stream S in ClientMessageHandler::stream_declaration_from_string
09:21:29.002760868 [13] client_message_handler.hpp:240 LOG_INFO Received query 
'SELECT * FROM S
WHERE (BUY as A; SELL as A)
FILTER A[name = 'A']
WITHIN 10 [stock_time]
CONSUME BY NONE
' in ClientMessageHandler::add_query
09:25:21.528225395 [13] client_message_handler.hpp:179 LOG_INFO Received request for declaring stream S in ClientMessageHandler::stream_declaration_from_string
09:25:21.528513025 [13] client_message_handler.hpp:252 LOG_INFO Received option 
'CREATE QUARANTINE {
FIXED_TIME 10 seconds {S}
}' in ClientMessageHandler::set_option
09:25:21.529109578 [13] client_message_handler.hpp:240 LOG_INFO Received query 
'SELECT * FROM S
WHERE (BUY as A; SELL as A)
FILTER A[name = 'A']
WITHIN 10 [stock_time]
CONSUME BY NONE
' in ClientMessageHandler::add_query
09:30:12.897101448 [13] client_message_handler.hpp:179 LOG_INFO Received request for declaring stream S in ClientMessageHandler::stream_declaration_from_string
09:30:12.897457533 [13] client_message_handler.hpp:240 LOG_INFO Received query 
'SELECT * FROM S
WHERE (BUY as A; SELL as A)
FILTER A[name = 'A']
WITHIN 10 [stock_time]
CONSUME BY NONE
' in ClientMessageHandler::add_query
09:31:03.623719709 [13] client_message_handler.hpp:179 LOG_INFO Received request for declaring stream S in ClientMessageHandler::stream_declaration_from_string
09:31:03.624105848 [13] client_message_handler.hpp:240 LOG_INFO Received query 
'SELECT * FROM S
WHERE (BUY as A; SELL as A)
FILTER A[name = 'A']
WITHIN 10 [stock_time]
CONSUME BY NONE
' in ClientMessageHandler::add_query
09:33:45.734838907 [13] client_message_handler.hpp:179 LOG_INFO Received request for declaring stream S in ClientMessageHandler::stream_declaration_from_string
09:33:45.735350203 [13] client_message_handler.hpp:252 LOG_INFO Received option 
'CREATE QUARANTINE {
FIXED_TIME 10 seconds {S}
}' in ClientMessageHandler::set_option
09:33:45.735840491 [13] client_message_handler.hpp:240 LOG_INFO Received query 
'SELECT * FROM S
WHERE (BUY as A; SELL as A)
FILTER A[name = 'A']
WITHIN 10 [stock_time]
CONSUME BY NONE
' in ClientMessageHandler::add_query
09:38:17.881285475 [13] client_message_handler.hpp:179 LOG_INFO Received request for declaring stream S in ClientMessageHandler::stream_declaration_from_string
09:38:17.881592890 [13] client_message_handler.hpp:252 LOG_INFO Received option 
'CREATE QUARANTINE {
FIXED_TIME 10 seconds {S}
}' in ClientMessageHandler::set_option
09:38:17.881996980 [13] client_message_handler.hpp:240 LOG_INFO Received query 
'SELECT * FROM S
WHERE (BUY as A; SELL as A)
FILTER A[name = 'A']
WITHIN 10 [stock_time]
CONSUME BY NONE
' in ClientMessageHandler::add_query
09:56:58.079661482 [13] client_message_handler.hpp:179 LOG_INFO Received request for declaring stream S in ClientMessageHandler::stream_declaration_from_string
09:56:58.079911369 [13] client_message_handler.hpp:252 LOG_INFO Received option 
'CREATE QUARANTINE {
FIXED_TIME 10 seconds {S}
}' in ClientMessageHandler::set_option
09:56:58.080396222 [13] client_message_handler.hpp:240 LOG_INFO Received query 
'SELECT * FROM S
WHERE (BUY as A; SELL as A)
FILTER A[name = 'A']
WITHIN 10 [stock_time]
CONSUME BY NONE
' in ClientMessageHandler::add_query
09:57:26.984632472 [13] client_message_handler.hpp:179 LOG_INFO Received request for declaring stream S in ClientMessageHandler::stream_declaration_from_string
09:57:26.984954373 [13] client_message_handler.hpp:240 LOG_INFO Received query 
'SELECT * FROM S
WHERE (BUY as A; SELL as A)
FILTER A[name = 'A']
WITHIN 10 [stock_time]
CONSUME BY NONE
' in ClientMessageHandler::add_query
10:02:23.622898353 [13] client_message_handler.hpp:179 LOG_INFO Received request for declaring stream S in ClientMessageHandler::stream_declaration_from_string
10:02:23.623202493 [13] client_message_handler.hpp:240 LOG_INFO Received query 
'SELECT * FROM S
WHERE (BUY as A; SELL as A)
FILTER A[name = 'A']
WITHIN 10 [stock_time]
CONSUME BY NONE
' in ClientMessageHandler::add_query
10:12:05.350764204 [13] client_message_handler.hpp:179 LOG_INFO Received request for declaring stream S in ClientMessageHandler::stream_declaration_from_string
10:12:05.351387351 [13] client_message_handler.hpp:252 LOG_INFO Received option 
'CREATE QUARANTINE {
FIXED_TIME 10 seconds {S}
}
' in ClientMessageHandler::set_option
10:12:05.352010616 [13] client_message_handler.hpp:240 LOG_INFO Received query 
'SELECT * FROM S
WHERE (BUY as A; SELL as A)
FILTER A[name = 'A']
WITHIN 10 [stock_time]
CONSUME BY NONE
' in ClientMessageHandler::add_query
10:12:15.591800415 [12] client_message_handler.hpp:179 LOG_INFO Received request for declaring stream S in ClientMessageHandler::stream_declaration_from_string
10:12:15.592134030 [12] client_message_handler.hpp:252 LOG_INFO Received option 
'CREATE QUARANTINE {
FIXED_TIME 10 seconds {S}
}' in ClientMessageHandler::set_option
10:12:15.592742967 [12] client_message_handler.hpp:240 LOG_INFO Received query 
'SELECT * FROM S
WHERE (BUY as A; SELL as A)
FILTER A[name = 'A']
WITHIN 10 [stock_time]
CONSUME BY NONE
' in ClientMessageHandler::add_query
10:14:54.129258163 [13] client_message_handler.hpp:179 LOG_INFO Received request for declaring stream S in ClientMessageHandler::stream_declaration_from_string
10:14:54.129644759 [13] client_message_handler.hpp:252 LOG_INFO Received option 
'CREATE QUARANTINE {
FIXED_TIME 10 seconds {S}
}
' in ClientMessageHandler::set_option
10:14:54.130218428 [13] client_message_handler.hpp:240 LOG_INFO Received query 
'SELECT * FROM S
WHERE (BUY as A; SELL as A)
FILTER A[name = 'A']
WITHIN 10 [stock_time]
CONSUME BY NONE
' in ClientMessageHandler::add_query
10:14:54.763512921 [13] client_message_handler.hpp:179 LOG_INFO Received request for declaring stream S in ClientMessageHandler::stream_declaration_from_string
10:14:54.763631551 [13] client_message_handler.hpp:252 LOG_INFO Received option 
'CREATE QUARANTINE {
FIXED_TIME 10 seconds {S}
}' in ClientMessageHandler::set_option
10:14:54.764190036 [13] client_message_handler.hpp:240 LOG_INFO Received query 
'SELECT * FROM S
WHERE (BUY as A; SELL as A)
FILTER A[name = 'A']
WITHIN 10 [stock_time]
CONSUME BY NONE
' in ClientMessageHandler::add_query
10:16:20.103346243 [13] client_message_handler.hpp:179 LOG_INFO Received request for declaring stream S in ClientMessageHandler::stream_declaration_from_string
10:16:20.103780719 [13] client_message_handler.hpp:252 LOG_INFO Received option 
'CREATE QUARANTINE {
FIXED_TIME 10 seconds {S}
}
' in ClientMessageHandler::set_option
10:16:20.104402045 [13] client_message_handler.hpp:240 LOG_INFO Received query 
'SELECT * FROM S
WHERE (BUY as A; SELL as A)
FILTER A[name = 'A']
WITHIN 10 [stock_time]
CONSUME BY NONE
' in ClientMessageHandler::add_query
10:16:20.733437748 [13] client_message_handler.hpp:179 LOG_INFO Received request for declaring stream S in ClientMessageHandler::stream_declaration_from_string
10:16:20.733600743 [13] client_message_handler.hpp:252 LOG_INFO Received option 
'CREATE QUARANTINE {
FIXED_TIME 10 seconds {S}
}' in ClientMessageHandler::set_option
10:16:20.734148436 [13] client_message_handler.hpp:240 LOG_INFO Received query 
'SELECT * FROM S
WHERE (BUY as A; SELL as A)
FILTER A[name = 'A']
WITHIN 10 [stock_time]
CONSUME BY NONE
' in ClientMessageHandler::add_query
10:19:10.262893431 [13] client_message_handler.hpp:179 LOG_INFO Received request for declaring stream S in ClientMessageHandler::stream_declaration_from_string
10:19:10.263515450 [13] client_message_handler.hpp:252 LOG_INFO Received option 
'CREATE QUARANTINE {
FIXED_TIME 10 seconds {S}
}
' in ClientMessageHandler::set_option
10:19:10.264230508 [13] client_message_handler.hpp:240 LOG_INFO Received query 
'SELECT * FROM S
WHERE (BUY as A; SELL as A)
FILTER A[name = 'A']
WITHIN 10 [stock_time]
CONSUME BY NONE
' in ClientMessageHandler::add_query
10:19:10.923734953 [13] client_message_handler.hpp:179 LOG_INFO Received request for declaring stream S in ClientMessageHandler::stream_declaration_from_string
10:19:10.923939062 [13] client_message_handler.hpp:240 LOG_INFO Received query 
'SELECT * FROM S
WHERE (BUY as A; SELL as A)
FILTER A[name = 'A']
WITHIN 10 [stock_time]
CONSUME BY NONE
' in ClientMessageHandler::add_query
10:19:18.933539722 [13] client_message_handler.hpp:179 LOG_INFO Received request for declaring stream S in ClientMessageHandler::stream_declaration_from_string
10:19:18.933916264 [13] client_message_handler.hpp:252 LOG_INFO Received option 
'CREATE QUARANTINE {
FIXED_TIME 10 seconds {S}
}
' in ClientMessageHandler::set_option
10:19:18.934515891 [13] client_message_handler.hpp:240 LOG_INFO Received query 
'SELECT * FROM S
WHERE (BUY as A; SELL as A)
FILTER A[name = 'A']
WITHIN 10 [stock_time]
CONSUME BY NONE
' in ClientMessageHandler::add_query
10:19:19.548615630 [13] client_message_handler.hpp:179 LOG_INFO Received request for declaring stream S in ClientMessageHandler::stream_declaration_from_string
10:19:19.548935949 [13] client_message_handler.hpp:240 LOG_INFO Received query 
'SELECT * FROM S
WHERE (BUY as A; SELL as A)
FILTER A[name = 'A']
WITHIN 10 [stock_time]
CONSUME BY NONE
' in ClientMessageHandler::add_query
10:19:38.263042828 [13] client_message_handler.hpp:179 LOG_INFO Received request for declaring stream S in ClientMessageHandler::stream_declaration_from_string
10:19:38.263452179 [13] client_message_handler.hpp:252 LOG_INFO Received option 
'CREATE QUARANTINE {
FIXED_TIME 10 seconds {S}
}
' in ClientMessageHandler::set_option
10:19:38.263825523 [13] client_message_handler.hpp:240 LOG_INFO Received query 
'SELECT * FROM S
WHERE (BUY as A; SELL as A)
FILTER A[name = 'A']
WITHIN 10 [stock_time]
CONSUME BY NONE
' in ClientMessageHandler::add_query
10:19:38.904237259 [13] client_message_handler.hpp:179 LOG_INFO Received request for declaring stream S in ClientMessageHandler::stream_declaration_from_string
10:19:38.904573210 [13] client_message_handler.hpp:240 LOG_INFO Received query 
'SELECT * FROM S
WHERE (BUY as A; SELL as A)
FILTER A[name = 'A']
WITHIN 10 [stock_time]
CONSUME BY NONE
' in ClientMessageHandler::add_query
10:20:56.638121961 [13] client_message_handler.hpp:179 LOG_INFO Received request for declaring stream S in ClientMessageHandler::stream_declaration_from_string
10:20:56.638449530 [13] client_message_handler.hpp:252 LOG_INFO Received option 
'CREATE QUARANTINE {
FIXED_TIME 2 seconds {S}
}
' in ClientMessageHandler::set_option
10:20:56.639016028 [13] client_message_handler.hpp:240 LOG_INFO Received query 
'SELECT * FROM S
WHERE (BUY as A; SELL as A)
FILTER A[name = 'A']
WITHIN 10 [stock_time]
CONSUME BY NONE
' in ClientMessageHandler::add_query
10:20:57.277998776 [13] client_message_handler.hpp:179 LOG_INFO Received request for declaring stream S in ClientMessageHandler::stream_declaration_from_string
10:20:57.278347402 [13] client_message_handler.hpp:240 LOG_INFO Received query 
'SELECT * FROM S
WHERE (BUY as A; SELL as A)
FILTER A[name = 'A']
WITHIN 10 [stock_time]
CONSUME BY NONE
' in ClientMessageHandler::add_query
10:27:07.957022637 [13] client_message_handler.hpp:179 LOG_INFO Received request for declaring stream S in ClientMessageHandler::stream_declaration_from_string
10:27:07.957181021 [13] client_message_handler.hpp:252 LOG_INFO Received option 
'CREATE QUARANTINE {
FIXED_TIME 10 seconds {S}
}
' in ClientMessageHandler::set_option
10:27:07.957472843 [13] client_message_handler.hpp:240 LOG_INFO Received query 
'SELECT * FROM S
WHERE (BUY as A; SELL as A)
FILTER A[name = 'A']
WITHIN 10 [stock_time]
CONSUME BY NONE
' in ClientMessageHandler::add_query
10:28:07.648848560 [13] client_message_handler.hpp:179 LOG_INFO Received request for declaring stream S in ClientMessageHandler::stream_declaration_from_string
10:28:07.649255636 [13] client_message_handler.hpp:252 LOG_INFO Received option 
'CREATE QUARANTINE {
FIXED_TIME 1 seconds {S}
}
' in ClientMessageHandler::set_option
10:28:07.649909660 [13] client_message_handler.hpp:240 LOG_INFO Received query 
'SELECT * FROM S
WHERE (BUY as A; SELL as A)
FILTER A[name = 'A']
WITHIN 10 [stock_time]
CONSUME BY NONE
' in ClientMessageHandler::add_query
10:28:36.743584328 [13] client_message_handler.hpp:179 LOG_INFO Received request for declaring stream S in ClientMessageHandler::stream_declaration_from_string
10:28:36.744111104 [13] client_message_handler.hpp:252 LOG_INFO Received option 
'CREATE QUARANTINE {
FIXED_TIME 1 seconds {S}
}
' in ClientMessageHandler::set_option
10:28:36.745011319 [13] client_message_handler.hpp:240 LOG_INFO Received query 
'SELECT * FROM S
WHERE (BUY as A; SELL as A)
FILTER A[name = 'A']
WITHIN 10 [stock_time]
CONSUME BY NONE
' in ClientMessageHandler::add_query
10:31:43.111763939 [13] client_message_handler.hpp:179 LOG_INFO Received request for declaring stream S in ClientMessageHandler::stream_declaration_from_string
10:31:43.112266269 [13] client_message_handler.hpp:252 LOG_INFO Received option 
'CREATE QUARANTINE {
FIXED_TIME 1 seconds {S}
}
' in ClientMessageHandler::set_option
10:31:43.113019899 [13] client_message_handler.hpp:240 LOG_INFO Received query 
'SELECT * FROM S
WHERE (BUY as A; SELL as A)
FILTER A[name = 'A']
WITHIN 10 [stock_time]
CONSUME BY NONE
' in ClientMessageHandler::add_query
10:32:11.606577423 [13] client_message_handler.hpp:179 LOG_INFO Received request for declaring stream S in ClientMessageHandler::stream_declaration_from_string
10:32:11.606895206 [13] client_message_handler.hpp:252 LOG_INFO Received option 
'CREATE QUARANTINE {
FIXED_TIME 1 seconds {S}
}
' in ClientMessageHandler::set_option
10:32:11.607412736 [13] client_message_handler.hpp:240 LOG_INFO Received query 
'SELECT * FROM S
WHERE (BUY as A; SELL as A)
FILTER A[name = 'A']
WITHIN 10 [stock_time]
CONSUME BY NONE
' in ClientMessageHandler::add_query
10:35:20.176595889 [12] client_message_handler.hpp:179 LOG_INFO Received request for declaring stream S in ClientMessageHandler::stream_declaration_from_string
10:35:20.177033568 [12] client_message_handler.hpp:252 LOG_INFO Received option 
'CREATE QUARANTINE {
FIXED_TIME 1 seconds {S}
}
' in ClientMessageHandler::set_option
10:35:20.177385926 [12] client_message_handler.hpp:240 LOG_INFO Received query 
'SELECT * FROM S
WHERE (BUY as A; SELL as A)
FILTER A[name = 'A']
WITHIN 10 [stock_time]
CONSUME BY NONE
' in ClientMessageHandler::add_query
11:12:34.865880585 [13] backend.hpp:83               LOG_INFO Parsing stream info: CREATE STREAM S {
EVENT BUY { id:int, name:string, volume:int, price:double, stock_time:primary_time },
EVENT SELL { id:int, name:string, volume:int, price:double, stock_time:primary_time }
}

11:12:34.866248093 [13] client_message_handler.hpp:179 LOG_INFO Received request for declaring stream S in ClientMessageHandler::stream_declaration_from_string
11:12:34.866403415 [13] client_message_handler.hpp:240 LOG_INFO Received query 
'CREATE QUARANTINE {
FIXED_TIME 1 seconds {S}
}
' in ClientMessageHandler::add_query
11:12:34.866403704 [13] backend.hpp:88               LOG_INFO Parsing query info: CREATE QUARANTINE {
FIXED_TIME 1 seconds {S}
}

11:16:10.808052888 [12] client_message_handler.hpp:179 LOG_INFO Received request for declaring stream S in ClientMessageHandler::stream_declaration_from_string
11:16:10.808440038 [12] client_message_handler.hpp:240 LOG_INFO Received query 
'CREATE QUARANTINE {
FIXED_TIME 1 seconds {S}
}
' in ClientMessageHandler::add_query
11:16:47.936138285 [13] client_message_handler.hpp:179 LOG_INFO Received request for declaring stream S in ClientMessageHandler::stream_declaration_from_string
11:16:47.936448517 [13] client_message_handler.hpp:252 LOG_INFO Received option 
'CREATE QUARANTINE {
FIXED_TIME 1 seconds {S}
}
' in ClientMessageHandler::set_option
11:16:47.936797921 [13] client_message_handler.hpp:240 LOG_INFO Received query 
'SELECT * FROM S
WHERE (BUY as A; SELL as A)
FILTER A[name = 'A']
WITHIN 10 [stock_time]
CONSUME BY NONE
' in ClientMessageHandler::add_query
11:17:00.785885091 [12] backend.hpp:83               LOG_INFO Parsing stream info: CREATE STREAM S {
EVENT BUY { id:int, name:string, volume:int, price:double, stock_time:primary_time },
EVENT SELL { id:int, name:string, volume:int, price:double, stock_time:primary_time }
}

11:17:00.786636059 [12] client_message_handler.hpp:179 LOG_INFO Received request for declaring stream S in ClientMessageHandler::stream_declaration_from_string
11:17:00.786847254 [12] client_message_handler.hpp:240 LOG_INFO Received query 
'SELECT * FROM S
WHERE (BUY as A; SELL as A)
FILTER A[name = 'A']
WITHIN 10 [stock_time]
CONSUME BY NONE
' in ClientMessageHandler::add_query
11:17:00.786847546 [12] backend.hpp:88               LOG_INFO Parsing query info: SELECT * FROM S
WHERE (BUY as A; SELL as A)
FILTER A[name = 'A']
WITHIN 10 [stock_time]
CONSUME BY NONE

11:17:04.776663074 [13] client_message_handler.hpp:179 LOG_INFO Received request for declaring stream S in ClientMessageHandler::stream_declaration_from_string
11:17:04.777275556 [13] client_message_handler.hpp:252 LOG_INFO Received option 
'CREATE QUARANTINE {
FIXED_TIME 1 seconds {S}
}
' in ClientMessageHandler::set_option
11:17:04.778182588 [13] client_message_handler.hpp:240 LOG_INFO Received query 
'SELECT * FROM S
WHERE (BUY as A; SELL as A)
FILTER A[name = 'A']
WITHIN 10 [stock_time]
CONSUME BY NONE
' in ClientMessageHandler::add_query
11:17:17.965434670 [12] backend.hpp:83               LOG_INFO Parsing stream info: CREATE STREAM S {
EVENT BUY { id:int, name:string, volume:int, price:double, stock_time:primary_time },
EVENT SELL { id:int, name:string, volume:int, price:double, stock_time:primary_time }
}

11:17:17.965767906 [12] client_message_handler.hpp:179 LOG_INFO Received request for declaring stream S in ClientMessageHandler::stream_declaration_from_string
11:17:17.966002706 [12] client_message_handler.hpp:240 LOG_INFO Received query 
'SELECT * FROM S
WHERE (BUY as A; SELL as A)
FILTER A[name = 'A']
WITHIN 10 [stock_time]
CONSUME BY NONE
' in ClientMessageHandler::add_query
11:17:17.966002941 [12] backend.hpp:88               LOG_INFO Parsing query info: SELECT * FROM S
WHERE (BUY as A; SELL as A)
FILTER A[name = 'A']
WITHIN 10 [stock_time]
CONSUME BY NONE

11:17:18.641478629 [13] backend.hpp:83               LOG_INFO Parsing stream info: CREATE STREAM S {
EVENT BUY { id:int, name:string, volume:int, price:double, stock_time:primary_time },
EVENT SELL { id:int, name:string, volume:int, price:double, stock_time:primary_time }
}

11:17:18.642168706 [13] client_message_handler.hpp:179 LOG_INFO Received request for declaring stream S in ClientMessageHandler::stream_declaration_from_string
11:17:18.642390622 [13] client_message_handler.hpp:240 LOG_INFO Received query 
'SELECT * FROM S
WHERE (BUY as A; SELL as A)
FILTER A[name = 'A']
WITHIN 10 [stock_time]
CONSUME BY NONE
' in ClientMessageHandler::add_query
11:17:18.642390979 [13] backend.hpp:88               LOG_INFO Parsing query info: SELECT * FROM S
WHERE (BUY as A; SELL as A)
FILTER A[name = 'A']
WITHIN 10 [stock_time]
CONSUME BY NONE

11:18:42.276957049 [13] backend.hpp:83               LOG_INFO Parsing stream info: CREATE STREAM S {
EVENT BUY { id:int, name:string, volume:int, price:double, stock_time:primary_time },
EVENT SELL { id:int, name:string, volume:int, price:double, stock_time:primary_time }
}

11:18:42.277291259 [13] client_message_handler.hpp:179 LOG_INFO Received request for declaring stream S in ClientMessageHandler::stream_declaration_from_string
11:18:42.277732463 [13] client_message_handler.hpp:240 LOG_INFO Received query 
'SELECT * FROM S
WHERE (BUY as A; SELL as A)
FILTER A[name = 'A']
WITHIN 10 [stock_time]
CONSUME BY NONE
' in ClientMessageHandler::add_query
11:18:42.277732705 [13] backend.hpp:88               LOG_INFO Parsing query info: SELECT * FROM S
WHERE (BUY as A; SELL as A)
FILTER A[name = 'A']
WITHIN 10 [stock_time]
CONSUME BY NONE

11:18:43.222153814 [13] backend.hpp:83               LOG_INFO Parsing stream info: CREATE STREAM S {
EVENT BUY { id:int, name:string, volume:int, price:double, stock_time:primary_time },
EVENT SELL { id:int, name:string, volume:int, price:double, stock_time:primary_time }
}

11:18:43.222521945 [13] client_message_handler.hpp:179 LOG_INFO Received request for declaring stream S in ClientMessageHandler::stream_declaration_from_string
11:18:43.222818747 [13] client_message_handler.hpp:240 LOG_INFO Received query 
'SELECT * FROM S
WHERE (BUY as A; SELL as A)
FILTER A[name = 'A']
WITHIN 10 [stock_time]
CONSUME BY NONE
' in ClientMessageHandler::add_query
11:18:43.222818956 [13] backend.hpp:88               LOG_INFO Parsing query info: SELECT * FROM S
WHERE (BUY as A; SELL as A)
FILTER A[name = 'A']
WITHIN 10 [stock_time]
CONSUME BY NONE

11:22:13.580024677 [13] client_message_handler.hpp:179 LOG_INFO Received request for declaring stream S in ClientMessageHandler::stream_declaration_from_string
11:22:13.580101354 [13] client_message_handler.hpp:240 LOG_INFO Received query 
'SELECT * FROM S
WHERE (BUY as A; SELL as A)
FILTER A[name = 'A']
WITHIN 10 [stock_time]
CONSUME BY NONE
' in ClientMessageHandler::add_query
11:22:14.216540435 [13] client_message_handler.hpp:179 LOG_INFO Received request for declaring stream S in ClientMessageHandler::stream_declaration_from_string
11:22:14.216964648 [13] client_message_handler.hpp:240 LOG_INFO Received query 
'SELECT * FROM S
WHERE (BUY as A; SELL as A)
FILTER A[name = 'A']
WITHIN 10 [stock_time]
CONSUME BY NONE
' in ClientMessageHandler::add_query
11:24:26.632607648 [13] client_message_handler.hpp:179 LOG_INFO Received request for declaring stream S in ClientMessageHandler::stream_declaration_from_string
11:24:26.632737169 [13] client_message_handler.hpp:240 LOG_INFO Received query 
'SELECT * FROM S
WHERE (BUY as A; SELL as A)
FILTER A[name = 'A']
WITHIN 10 [stock_time]
CONSUME BY NONE
' in ClientMessageHandler::add_query
11:24:27.289277651 [13] client_message_handler.hpp:179 LOG_INFO Received request for declaring stream S in ClientMessageHandler::stream_declaration_from_string
11:24:27.289562431 [13] client_message_handler.hpp:240 LOG_INFO Received query 
'SELECT * FROM S
WHERE (BUY as A; SELL as A)
FILTER A[name = 'A']
WITHIN 10 [stock_time]
CONSUME BY NONE
' in ClientMessageHandler::add_query
11:24:48.985808053 [13] client_message_handler.hpp:179 LOG_INFO Received request for declaring stream S in ClientMessageHandler::stream_declaration_from_string
11:24:48.986079638 [13] client_message_handler.hpp:240 LOG_INFO Received query 
'SELECT * FROM S
WHERE (BUY as A; SELL as A)
FILTER A[name = 'A']
WITHIN 10 [stock_time]
CONSUME BY NONE
' in ClientMessageHandler::add_query
11:24:49.627800931 [13] client_message_handler.hpp:179 LOG_INFO Received request for declaring stream S in ClientMessageHandler::stream_declaration_from_string
11:24:49.627879292 [13] client_message_handler.hpp:240 LOG_INFO Received query 
'SELECT * FROM S
WHERE (BUY as A; SELL as A)
FILTER A[name = 'A']
WITHIN 10 [stock_time]
CONSUME BY NONE
' in ClientMessageHandler::add_query
11:27:55.462584186 [13] client_message_handler.hpp:179 LOG_INFO Received request for declaring stream S in ClientMessageHandler::stream_declaration_from_string
11:27:55.462964807 [13] client_message_handler.hpp:252 LOG_INFO Received option 
'CREATE QUARANTINE {
FIXED_TIME 10 seconds {S}
}
' in ClientMessageHandler::set_option
11:27:55.463607987 [13] client_message_handler.hpp:240 LOG_INFO Received query 
'SELECT * FROM S
WHERE (BUY as A; SELL as A)
FILTER A[name = 'A']
WITHIN 10 [stock_time]
CONSUME BY NONE
' in ClientMessageHandler::add_query
11:27:56.127173713 [13] client_message_handler.hpp:179 LOG_INFO Received request for declaring stream S in ClientMessageHandler::stream_declaration_from_string
11:27:56.127333732 [13] client_message_handler.hpp:240 LOG_INFO Received query 
'SELECT * FROM S
WHERE (BUY as A; SELL as A)
FILTER A[name = 'A']
WITHIN 10 [stock_time]
CONSUME BY NONE
' in ClientMessageHandler::add_query
11:28:06.107275110 [13] client_message_handler.hpp:179 LOG_INFO Received request for declaring stream S in ClientMessageHandler::stream_declaration_from_string
11:28:06.107743636 [13] client_message_handler.hpp:252 LOG_INFO Received option 
'CREATE QUARANTINE {
FIXED_TIME 10 seconds {S}
}
' in ClientMessageHandler::set_option
11:28:06.108191493 [13] client_message_handler.hpp:240 LOG_INFO Received query 
'SELECT * FROM S
WHERE (BUY as A; SELL as A)
FILTER A[name = 'A']
WITHIN 10 [stock_time]
CONSUME BY NONE
' in ClientMessageHandler::add_query
11:28:06.714568256 [12] client_message_handler.hpp:179 LOG_INFO Received request for declaring stream S in ClientMessageHandler::stream_declaration_from_string
11:28:06.714927548 [12] client_message_handler.hpp:240 LOG_INFO Received query 
'SELECT * FROM S
WHERE (BUY as A; SELL as A)
FILTER A[name = 'A']
WITHIN 10 [stock_time]
CONSUME BY NONE
' in ClientMessageHandler::add_query
11:37:31.103179840 [13] client_message_handler.hpp:179 LOG_INFO Received request for declaring stream S in ClientMessageHandler::stream_declaration_from_string
11:37:31.103662724 [13] client_message_handler.hpp:252 LOG_INFO Received option 
'CREATE QUARANTINE {
FIXED_TIME 10 seconds {S}
}
' in ClientMessageHandler::set_option
11:37:31.104166234 [13] client_message_handler.hpp:240 LOG_INFO Received query 
'SELECT * FROM S
WHERE (BUY as A; SELL as A)
FILTER A[name = 'A']
WITHIN 10 [stock_time]
CONSUME BY NONE
' in ClientMessageHandler::add_query
11:37:42.706449136 [13] client_message_handler.hpp:179 LOG_INFO Received request for declaring stream S in ClientMessageHandler::stream_declaration_from_string
11:37:42.706867675 [13] client_message_handler.hpp:240 LOG_INFO Received query 
'SELECT * FROM S
WHERE (BUY as A; SELL as A)
FILTER A[name = 'A']
WITHIN 10 [stock_time]
CONSUME BY NONE
' in ClientMessageHandler::add_query
11:37:56.673042941 [13] client_message_handler.hpp:179 LOG_INFO Received request for declaring stream S in ClientMessageHandler::stream_declaration_from_string
11:37:56.673604588 [13] client_message_handler.hpp:252 LOG_INFO Received option 
'CREATE QUARANTINE {
FIXED_TIME 10 seconds {S}
}
' in ClientMessageHandler::set_option
11:37:56.674120263 [13] client_message_handler.hpp:240 LOG_INFO Received query 
'SELECT * FROM S
WHERE (BUY as A; SELL as A)
FILTER A[name = 'A']
WITHIN 10 [stock_time]
CONSUME BY NONE
' in ClientMessageHandler::add_query
11:38:08.242422099 [13] client_message_handler.hpp:179 LOG_INFO Received request for declaring stream S in ClientMessageHandler::stream_declaration_from_string
11:38:08.242720978 [13] client_message_handler.hpp:240 LOG_INFO Received query 
'SELECT * FROM S
WHERE (BUY as A; SELL as A)
FILTER A[name = 'A']
WITHIN 10 [stock_time]
CONSUME BY NONE
' in ClientMessageHandler::add_query
11:38:46.500250045 [12] client_message_handler.hpp:179 LOG_INFO Received request for declaring stream S in ClientMessageHandler::stream_declaration_from_string
11:38:46.500652083 [12] client_message_handler.hpp:252 LOG_INFO Received option 
'CREATE QUARANTINE {
FIXED_TIME 10 seconds {S}
}
' in ClientMessageHandler::set_option
11:38:46.501079032 [12] client_message_handler.hpp:240 LOG_INFO Received query 
'SELECT * FROM S
WHERE (BUY as A; SELL as A)
FILTER A[name = 'A']
WITHIN 10 [stock_time]
CONSUME BY NONE
' in ClientMessageHandler::add_query
11:38:58.063765293 [13] client_message_handler.hpp:179 LOG_INFO Received request for declaring stream S in ClientMessageHandler::stream_declaration_from_string
11:38:58.064019208 [13] client_message_handler.hpp:240 LOG_INFO Received query 
'SELECT * FROM S
WHERE (BUY as A; SELL as A)
FILTER A[name = 'A']
WITHIN 10 [stock_time]
CONSUME BY NONE
' in ClientMessageHandler::add_query
11:42:28.549064628 [13] client_message_handler.hpp:179 LOG_INFO Received request for declaring stream S in ClientMessageHandler::stream_declaration_from_string
11:42:28.549246154 [13] client_message_handler.hpp:252 LOG_INFO Received option 
'CREATE QUARANTINE {
FIXED_TIME 10 seconds {S}
}
' in ClientMessageHandler::set_option
11:42:28.549559471 [13] client_message_handler.hpp:240 LOG_INFO Received query 
'SELECT * FROM S
WHERE (BUY as A; SELL as A)
FILTER A[name = 'A']
WITHIN 10 [stock_time]
CONSUME BY NONE
' in ClientMessageHandler::add_query
11:42:40.163916269 [13] client_message_handler.hpp:179 LOG_INFO Received request for declaring stream S in ClientMessageHandler::stream_declaration_from_string
11:42:40.164457396 [13] client_message_handler.hpp:240 LOG_INFO Received query 
'SELECT * FROM S
WHERE (BUY as A; SELL as A)
FILTER A[name = 'A']
WITHIN 10 [stock_time]
CONSUME BY NONE
' in ClientMessageHandler::add_query
11:45:19.648326295 [12] client_message_handler.hpp:179 LOG_INFO Received request for declaring stream S in ClientMessageHandler::stream_declaration_from_string
11:45:19.648762442 [12] client_message_handler.hpp:252 LOG_INFO Received option 
'CREATE QUARANTINE {
FIXED_TIME 10 seconds {S}
}
' in ClientMessageHandler::set_option
11:45:19.649209063 [12] client_message_handler.hpp:240 LOG_INFO Received query 
'SELECT * FROM S
WHERE (BUY as A; SELL as A)
FILTER A[name = 'A']
WITHIN 10 [stock_time]
CONSUME BY NONE
' in ClientMessageHandler::add_query
11:45:31.186416508 [13] client_message_handler.hpp:179 LOG_INFO Received request for declaring stream S in ClientMessageHandler::stream_declaration_from_string
11:45:31.186606742 [13] client_message_handler.hpp:240 LOG_INFO Received query 
'SELECT * FROM S
WHERE (BUY as A; SELL as A)
FILTER A[name = 'A']
WITHIN 10 [stock_time]
CONSUME BY NONE
' in ClientMessageHandler::add_query
11:49:43.876254091 [13] client_message_handler.hpp:179 LOG_INFO Received request for declaring stream S in ClientMessageHandler::stream_declaration_from_string
11:49:43.876962283 [13] client_message_handler.hpp:252 LOG_INFO Received option 
'CREATE QUARANTINE {
FIXED_TIME 10 seconds {S}
}
' in ClientMessageHandler::set_option
11:49:43.877547293 [13] client_message_handler.hpp:240 LOG_INFO Received query 
'SELECT * FROM S
WHERE (BUY as A; SELL as A)
FILTER A[name = 'A']
WITHIN 10 [stock_time]
CONSUME BY NONE
' in ClientMessageHandler::add_query
11:49:47.479580950 [13] client_message_handler.hpp:179 LOG_INFO Received request for declaring stream S in ClientMessageHandler::stream_declaration_from_string
11:49:47.479854389 [13] client_message_handler.hpp:240 LOG_INFO Received query 
'SELECT * FROM S
WHERE (BUY as A; SELL as A)
FILTER A[name = 'A']
WITHIN 10 [stock_time]
CONSUME BY NONE
' in ClientMessageHandler::add_query
11:53:40.829962718 [12] client_message_handler.hpp:179 LOG_INFO Received request for declaring stream S in ClientMessageHandler::stream_declaration_from_string
11:53:40.830297668 [12] client_message_handler.hpp:252 LOG_INFO Received option 
'CREATE QUARANTINE {
FIXED_TIME 10 seconds {S}
}
' in ClientMessageHandler::set_option
11:53:40.830695668 [12] client_message_handler.hpp:240 LOG_INFO Received query 
'SELECT * FROM S
WHERE (BUY as A; SELL as A)
FILTER A[name = 'A']
WITHIN 10 [stock_time]
CONSUME BY NONE
' in ClientMessageHandler::add_query
11:53:52.386180311 [13] client_message_handler.hpp:179 LOG_INFO Received request for declaring stream S in ClientMessageHandler::stream_declaration_from_string
11:53:52.386549977 [13] client_message_handler.hpp:240 LOG_INFO Received query 
'SELECT * FROM S
WHERE (BUY as A; SELL as A)
FILTER A[name = 'A']
WITHIN 10 [stock_time]
CONSUME BY NONE
' in ClientMessageHandler::add_query
11:54:50.468648479 [13] client_message_handler.hpp:179 LOG_INFO Received request for declaring stream S in ClientMessageHandler::stream_declaration_from_string
11:54:50.468934409 [13] client_message_handler.hpp:252 LOG_INFO Received option 
'CREATE QUARANTINE {
FIXED_TIME 1 seconds {S}
}
' in ClientMessageHandler::set_option
11:54:50.469419951 [13] client_message_handler.hpp:240 LOG_INFO Received query 
'SELECT * FROM S
WHERE (BUY as A; SELL as A)
FILTER A[name = 'A']
WITHIN 10 [stock_time]
CONSUME BY NONE
' in ClientMessageHandler::add_query
11:55:02.014854711 [13] client_message_handler.hpp:179 LOG_INFO Received request for declaring stream S in ClientMessageHandler::stream_declaration_from_string
11:55:02.015152838 [13] client_message_handler.hpp:240 LOG_INFO Received query 
'SELECT * FROM S
WHERE (BUY as A; SELL as A)
FILTER A[name = 'A']
WITHIN 10 [stock_time]
CONSUME BY NONE
' in ClientMessageHandler::add_query
11:56:35.084103868 [12] client_message_handler.hpp:179 LOG_INFO Received request for declaring stream S in ClientMessageHandler::stream_declaration_from_string
11:56:35.084553842 [12] client_message_handler.hpp:252 LOG_INFO Received option 
'CREATE QUARANTINE {
FIXED_TIME 2 seconds {S}
}
' in ClientMessageHandler::set_option
11:56:35.084865172 [12] client_message_handler.hpp:240 LOG_INFO Received query 
'SELECT * FROM S
WHERE (BUY as A; SELL as A)
FILTER A[name = 'A']
WITHIN 10 [stock_time]
CONSUME BY NONE
' in ClientMessageHandler::add_query
11:56:46.598236187 [13] client_message_handler.hpp:179 LOG_INFO Received request for declaring stream S in ClientMessageHandler::stream_declaration_from_string
11:56:46.598568660 [13] client_message_handler.hpp:240 LOG_INFO Received query 
'SELECT * FROM S
WHERE (BUY as A; SELL as A)
FILTER A[name = 'A']
WITHIN 10 [stock_time]
CONSUME BY NONE
' in ClientMessageHandler::add_query
11:57:14.803213954 [12] client_message_handler.hpp:179 LOG_INFO Received request for declaring stream S in ClientMessageHandler::stream_declaration_from_string
11:57:14.803715920 [12] client_message_handler.hpp:252 LOG_INFO Received option 
'CREATE QUARANTINE {
FIXED_TIME 3 seconds {S}
}
' in ClientMessageHandler::set_option
11:57:14.804199468 [12] client_message_handler.hpp:240 LOG_INFO Received query 
'SELECT * FROM S
WHERE (BUY as A; SELL as A)
FILTER A[name = 'A']
WITHIN 10 [stock_time]
CONSUME BY NONE
' in ClientMessageHandler::add_query
11:57:26.345531238 [13] client_message_handler.hpp:179 LOG_INFO Received request for declaring stream S in ClientMessageHandler::stream_declaration_from_string
11:57:26.345772988 [13] client_message_handler.hpp:240 LOG_INFO Received query 
'SELECT * FROM S
WHERE (BUY as A; SELL as A)
FILTER A[name = 'A']
WITHIN 10 [stock_time]
CONSUME BY NONE
' in ClientMessageHandler::add_query
12:17:27.283772488 [13] client_message_handler.hpp:179 LOG_INFO Received request for declaring stream S in ClientMessageHandler::stream_declaration_from_string
12:17:27.284215658 [13] client_message_handler.hpp:252 LOG_INFO Received option 
'CREATE QUARANTINE {
FIXED_TIME 3 seconds {S}
}
' in ClientMessageHandler::set_option
12:17:27.284649287 [13] client_message_handler.hpp:240 LOG_INFO Received query 
'SELECT * FROM S
WHERE (BUY as A; SELL as A)
FILTER A[name = 'A']
WITHIN 10 [stock_time]
CONSUME BY NONE
' in ClientMessageHandler::add_query
12:17:38.858632397 [13] client_message_handler.hpp:179 LOG_INFO Received request for declaring stream S in ClientMessageHandler::stream_declaration_from_string
12:17:38.858863012 [13] client_message_handler.hpp:240 LOG_INFO Received query 
'SELECT * FROM S
WHERE (BUY as A; SELL as A)
FILTER A[name = 'A']
WITHIN 10 [stock_time]
CONSUME BY NONE
' in ClientMessageHandler::add_query
12:18:53.022333120 [13] client_message_handler.hpp:179 LOG_INFO Received request for declaring stream S in ClientMessageHandler::stream_declaration_from_string
12:18:53.022953826 [13] client_message_handler.hpp:252 LOG_INFO Received option 
'CREATE QUARANTINE {
FIXED_TIME 5 seconds {S}
}
' in ClientMessageHandler::set_option
12:18:53.023631918 [13] client_message_handler.hpp:240 LOG_INFO Received query 
'SELECT * FROM S
WHERE (BUY as A; SELL as A)
FILTER A[name = 'A']
WITHIN 3 [stock_time]
CONSUME BY NONE
' in ClientMessageHandler::add_query
12:19:06.588948341 [13] client_message_handler.hpp:179 LOG_INFO Received request for declaring stream S in ClientMessageHandler::stream_declaration_from_string
12:19:06.589082478 [13] client_message_handler.hpp:240 LOG_INFO Received query 
'SELECT * FROM S
WHERE (BUY as A; SELL as A)
FILTER A[name = 'A']
WITHIN 3 [stock_time]
CONSUME BY NONE
' in ClientMessageHandler::add_query
12:41:44.691331436 [13] client_message_handler.hpp:179 LOG_INFO Received request for declaring stream S in ClientMessageHandler::stream_declaration_from_string
12:41:44.691637504 [13] client_message_handler.hpp:252 LOG_INFO Received option 
'CREATE QUARANTINE {
FIXED_TIME 5 seconds {S}
}
' in ClientMessageHandler::set_option
12:41:44.692174194 [13] client_message_handler.hpp:240 LOG_INFO Received query 
'SELECT * FROM S
WHERE (BUY as A; SELL as A)
FILTER A[name = 'A']
WITHIN 3 [stock_time]
CONSUME BY NONE
' in ClientMessageHandler::add_query
12:41:58.321405093 [13] client_message_handler.hpp:179 LOG_INFO Received request for declaring stream S in ClientMessageHandler::stream_declaration_from_string
12:41:58.321557872 [13] client_message_handler.hpp:240 LOG_INFO Received query 
'SELECT * FROM S
WHERE (BUY as A; SELL as A)
FILTER A[name = 'A']
WITHIN 3 [stock_time]
CONSUME BY NONE
' in ClientMessageHandler::add_query
12:42:56.780520194 [13] client_message_handler.hpp:179 LOG_INFO Received request for declaring stream S in ClientMessageHandler::stream_declaration_from_string
12:42:56.780715384 [13] client_message_handler.hpp:252 LOG_INFO Received option 
'CREATE QUARANTINE {
FIXED_TIME 5 seconds {S}
}
' in ClientMessageHandler::set_option
12:42:56.781238943 [13] client_message_handler.hpp:240 LOG_INFO Received query 
'SELECT * FROM S
WHERE (BUY as A; SELL as A)
FILTER A[name = 'A']
WITHIN 3 [stock_time]
CONSUME BY NONE
' in ClientMessageHandler::add_query
12:43:10.336519056 [13] client_message_handler.hpp:179 LOG_INFO Received request for declaring stream S in ClientMessageHandler::stream_declaration_from_string
12:43:10.336713923 [13] client_message_handler.hpp:240 LOG_INFO Received query 
'SELECT * FROM S
WHERE (BUY as A; SELL as A)
FILTER A[name = 'A']
WITHIN 3 [stock_time]
CONSUME BY NONE
' in ClientMessageHandler::add_query
12:43:31.506853082 [13] client_message_handler.hpp:179 LOG_INFO Received request for declaring stream S in ClientMessageHandler::stream_declaration_from_string
12:43:31.507085829 [13] client_message_handler.hpp:252 LOG_INFO Received option 
'CREATE QUARANTINE {
FIXED_TIME 5 seconds {S}
}
' in ClientMessageHandler::set_option
12:43:31.507440646 [13] client_message_handler.hpp:240 LOG_INFO Received query 
'SELECT * FROM S
WHERE (BUY as A; SELL as A)
FILTER A[name = 'A']
WITHIN 3 [stock_time]
CONSUME BY NONE
' in ClientMessageHandler::add_query
12:43:45.059657891 [13] client_message_handler.hpp:179 LOG_INFO Received request for declaring stream S in ClientMessageHandler::stream_declaration_from_string
12:43:45.059924722 [13] client_message_handler.hpp:240 LOG_INFO Received query 
'SELECT * FROM S
WHERE (BUY as A; SELL as A)
FILTER A[name = 'A']
WITHIN 3 [stock_time]
CONSUME BY NONE
' in ClientMessageHandler::add_query
12:44:05.055391262 [13] client_message_handler.hpp:179 LOG_INFO Received request for declaring stream S in ClientMessageHandler::stream_declaration_from_string
12:44:05.055719723 [13] client_message_handler.hpp:252 LOG_INFO Received option 
'CREATE QUARANTINE {
FIXED_TIME 5 seconds {S}
}
' in ClientMessageHandler::set_option
12:44:05.056038941 [13] client_message_handler.hpp:240 LOG_INFO Received query 
'SELECT * FROM S
WHERE (BUY as A; SELL as A)
FILTER A[name = 'A']
WITHIN 3 [stock_time]
CONSUME BY NONE
' in ClientMessageHandler::add_query
12:44:18.618985213 [13] client_message_handler.hpp:179 LOG_INFO Received request for declaring stream S in ClientMessageHandler::stream_declaration_from_string
12:44:18.619177184 [13] client_message_handler.hpp:240 LOG_INFO Received query 
'SELECT * FROM S
WHERE (BUY as A; SELL as A)
FILTER A[name = 'A']
WITHIN 3 [stock_time]
CONSUME BY NONE
' in ClientMessageHandler::add_query
02:19:34.926320115 [12] client_message_handler.hpp:179 LOG_INFO Received request for declaring stream S in ClientMessageHandler::stream_declaration_from_string
02:19:34.926618658 [12] client_message_handler.hpp:252 LOG_INFO Received option 
'CREATE QUARANTINE {
FIXED_TIME 3 seconds {S}
}
' in ClientMessageHandler::set_option
02:19:34.927046561 [12] client_message_handler.hpp:240 LOG_INFO Received query 
'SELECT * FROM S
WHERE (BUY as A; SELL as A)
FILTER A[name = 'A']
WITHIN 10 [stock_time]
CONSUME BY NONE
' in ClientMessageHandler::add_query
02:20:58.933740286 [13] backend.hpp:83               LOG_INFO Parsing stream info: CREATE STREAM S {
EVENT BUY { id:int, name:string, volume:int, price:double, stock_time:primary_time },
EVENT SELL { id:int, name:string, volume:int, price:double, stock_time:primary_time }
}

02:20:58.934864871 [13] client_message_handler.hpp:179 LOG_INFO Received request for declaring stream S in ClientMessageHandler::stream_declaration_from_string
02:20:58.934986022 [13] client_message_handler.hpp:240 LOG_INFO Received query 
'SELECT * FROM S
WHERE (BUY as A; SELL as A)
FILTER A[name = 'A']
WITHIN 10 [stock_time]
CONSUME BY NONE
' in ClientMessageHandler::add_query
02:20:58.934986202 [13] backend.hpp:88               LOG_INFO Parsing query info: SELECT * FROM S
WHERE (BUY as A; SELL as A)
FILTER A[name = 'A']
WITHIN 10 [stock_time]
CONSUME BY NONE

02:20:59.608047683 [13] backend.hpp:83               LOG_INFO Parsing stream info: CREATE STREAM S {
EVENT BUY { id:int, name:string, volume:int, price:double, stock_time:primary_time },
EVENT SELL { id:int, name:string, volume:int, price:double, stock_time:primary_time }
}

02:20:59.608422304 [13] client_message_handler.hpp:179 LOG_INFO Received request for declaring stream S in ClientMessageHandler::stream_declaration_from_string
02:20:59.608525330 [13] client_message_handler.hpp:240 LOG_INFO Received query 
'SELECT * FROM S
WHERE (BUY as A; SELL as A)
FILTER A[name = 'A']
WITHIN 10 [stock_time]
CONSUME BY NONE
' in ClientMessageHandler::add_query
02:20:59.608525605 [13] backend.hpp:88               LOG_INFO Parsing query info: SELECT * FROM S
WHERE (BUY as A; SELL as A)
FILTER A[name = 'A']
WITHIN 10 [stock_time]
CONSUME BY NONE

02:21:23.827164576 [13] backend.hpp:83               LOG_INFO Parsing stream info: CREATE STREAM S {
EVENT BUY { id:int, name:string, volume:int, price:double, stock_time:primary_time },
EVENT SELL { id:int, name:string, volume:int, price:double, stock_time:primary_time }
}

02:21:23.827805930 [13] client_message_handler.hpp:179 LOG_INFO Received request for declaring stream S in ClientMessageHandler::stream_declaration_from_string
02:21:23.827970818 [13] client_message_handler.hpp:240 LOG_INFO Received query 
'SELECT * FROM S
WHERE (BUY as A; SELL as A)
FILTER A[name = 'A']
WITHIN 10 [stock_time]
CONSUME BY NONE
' in ClientMessageHandler::add_query
02:21:23.827971436 [13] backend.hpp:88               LOG_INFO Parsing query info: SELECT * FROM S
WHERE (BUY as A; SELL as A)
FILTER A[name = 'A']
WITHIN 10 [stock_time]
CONSUME BY NONE

02:21:24.543420602 [13] backend.hpp:83               LOG_INFO Parsing stream info: CREATE STREAM S {
EVENT BUY { id:int, name:string, volume:int, price:double, stock_time:primary_time },
EVENT SELL { id:int, name:string, volume:int, price:double, stock_time:primary_time }
}

02:21:24.543734618 [13] client_message_handler.hpp:179 LOG_INFO Received request for declaring stream S in ClientMessageHandler::stream_declaration_from_string
02:21:24.544151383 [13] client_message_handler.hpp:240 LOG_INFO Received query 
'SELECT * FROM S
WHERE (BUY as A; SELL as A)
FILTER A[name = 'A']
WITHIN 10 [stock_time]
CONSUME BY NONE
' in ClientMessageHandler::add_query
02:21:24.544151693 [13] backend.hpp:88               LOG_INFO Parsing query info: SELECT * FROM S
WHERE (BUY as A; SELL as A)
FILTER A[name = 'A']
WITHIN 10 [stock_time]
CONSUME BY NONE

02:21:37.339488522 [13] backend.hpp:83               LOG_INFO Parsing stream info: CREATE STREAM S {
EVENT BUY { id:int, name:string, volume:int, price:double, stock_time:primary_time },
EVENT SELL { id:int, name:string, volume:int, price:double, stock_time:primary_time }
}

02:21:37.339884093 [13] client_message_handler.hpp:179 LOG_INFO Received request for declaring stream S in ClientMessageHandler::stream_declaration_from_string
02:21:37.340241453 [13] client_message_handler.hpp:240 LOG_INFO Received query 
'SELECT * FROM S
WHERE (BUY as A; SELL as A)
FILTER A[name = 'A']
WITHIN 10 [stock_time]
CONSUME BY NONE
' in ClientMessageHandler::add_query
02:21:37.340241727 [13] backend.hpp:88               LOG_INFO Parsing query info: SELECT * FROM S
WHERE (BUY as A; SELL as A)
FILTER A[name = 'A']
WITHIN 10 [stock_time]
CONSUME BY NONE

02:21:44.068192289 [13] backend.hpp:83               LOG_INFO Parsing stream info: CREATE STREAM S {
EVENT BUY { id:int, name:string, volume:int, price:double, stock_time:primary_time },
EVENT SELL { id:int, name:string, volume:int, price:double, stock_time:primary_time }
}

02:21:44.068504788 [13] client_message_handler.hpp:179 LOG_INFO Received request for declaring stream S in ClientMessageHandler::stream_declaration_from_string
02:21:44.068754779 [13] client_message_handler.hpp:240 LOG_INFO Received query 
'SELECT * FROM S
WHERE (BUY as A; SELL as A)
FILTER A[name = 'A']
WITHIN 10 [stock_time]
CONSUME BY NONE
' in ClientMessageHandler::add_query
02:21:44.068754966 [13] backend.hpp:88               LOG_INFO Parsing query info: SELECT * FROM S
WHERE (BUY as A; SELL as A)
FILTER A[name = 'A']
WITHIN 10 [stock_time]
CONSUME BY NONE

02:21:44.780219567 [13] backend.hpp:83               LOG_INFO Parsing stream info: CREATE STREAM S {
EVENT BUY { id:int, name:string, volume:int, price:double, stock_time:primary_time },
EVENT SELL { id:int, name:string, volume:int, price:double, stock_time:primary_time }
}

02:21:44.780544910 [13] client_message_handler.hpp:179 LOG_INFO Received request for declaring stream S in ClientMessageHandler::stream_declaration_from_string
02:21:44.780886861 [13] client_message_handler.hpp:240 LOG_INFO Received query 
'SELECT * FROM S
WHERE (BUY as A; SELL as A)
FILTER A[name = 'A']
WITHIN 10 [stock_time]
CONSUME BY NONE
' in ClientMessageHandler::add_query
02:21:44.780887181 [13] backend.hpp:88               LOG_INFO Parsing query info: SELECT * FROM S
WHERE (BUY as A; SELL as A)
FILTER A[name = 'A']
WITHIN 10 [stock_time]
CONSUME BY NONE

02:23:20.452312246 [13] backend.hpp:83               LOG_INFO Parsing stream info: CREATE STREAM S {
EVENT BUY { id:int, name:string, volume:int, price:double, stock_time:primary_time },
EVENT SELL { id:int, name:string, volume:int, price:double, stock_time:primary_time }
}

02:23:20.452619001 [13] client_message_handler.hpp:179 LOG_INFO Received request for declaring stream S in ClientMessageHandler::stream_declaration_from_string
02:23:20.452977848 [13] client_message_handler.hpp:240 LOG_INFO Received query 
'SELECT * FROM S
WHERE (BUY as A; SELL as A)
FILTER A[name = 'A']
WITHIN 10 [stock_time]
CONSUME BY NONE
' in ClientMessageHandler::add_query
02:23:20.452978031 [13] backend.hpp:88               LOG_INFO Parsing query info: SELECT * FROM S
WHERE (BUY as A; SELL as A)
FILTER A[name = 'A']
WITHIN 10 [stock_time]
CONSUME BY NONE

02:23:21.148922128 [12] backend.hpp:83               LOG_INFO Parsing stream info: CREATE STREAM S {
EVENT BUY { id:int, name:string, volume:int, price:double, stock_time:primary_time },
EVENT SELL { id:int, name:string, volume:int, price:double, stock_time:primary_time }
}

02:23:21.149283301 [12] client_message_handler.hpp:179 LOG_INFO Received request for declaring stream S in ClientMessageHandler::stream_declaration_from_string
02:23:21.149437810 [12] client_message_handler.hpp:240 LOG_INFO Received query 
'SELECT * FROM S
WHERE (BUY as A; SELL as A)
FILTER A[name = 'A']
WITHIN 10 [stock_time]
CONSUME BY NONE
' in ClientMessageHandler::add_query
02:23:21.149438088 [12] backend.hpp:88               LOG_INFO Parsing query info: SELECT * FROM S
WHERE (BUY as A; SELL as A)
FILTER A[name = 'A']
WITHIN 10 [stock_time]
CONSUME BY NONE

02:25:07.418048418 [13] backend.hpp:83               LOG_INFO Parsing stream info: CREATE STREAM S {
EVENT BUY { id:int, name:string, volume:int, price:double, stock_time:primary_time },
EVENT SELL { id:int, name:string, volume:int, price:double, stock_time:primary_time }
}

02:25:07.418397487 [13] client_message_handler.hpp:179 LOG_INFO Received request for declaring stream S in ClientMessageHandler::stream_declaration_from_string
02:25:07.418642388 [13] client_message_handler.hpp:240 LOG_INFO Received query 
'SELECT * FROM S
WHERE (BUY as A; SELL as A)
FILTER A[name = 'A']
WITHIN 10 [stock_time]
CONSUME BY NONE
' in ClientMessageHandler::add_query
02:25:07.418642586 [13] backend.hpp:88               LOG_INFO Parsing query info: SELECT * FROM S
WHERE (BUY as A; SELL as A)
FILTER A[name = 'A']
WITHIN 10 [stock_time]
CONSUME BY NONE

02:25:08.090232973 [13] backend.hpp:83               LOG_INFO Parsing stream info: CREATE STREAM S {
EVENT BUY { id:int, name:string, volume:int, price:double, stock_time:primary_time },
EVENT SELL { id:int, name:string, volume:int, price:double, stock_time:primary_time }
}

02:25:08.090945421 [13] client_message_handler.hpp:179 LOG_INFO Received request for declaring stream S in ClientMessageHandler::stream_declaration_from_string
02:25:08.091048318 [13] client_message_handler.hpp:240 LOG_INFO Received query 
'SELECT * FROM S
WHERE (BUY as A; SELL as A)
FILTER A[name = 'A']
WITHIN 10 [stock_time]
CONSUME BY NONE
' in ClientMessageHandler::add_query
02:25:08.091048643 [13] backend.hpp:88               LOG_INFO Parsing query info: SELECT * FROM S
WHERE (BUY as A; SELL as A)
FILTER A[name = 'A']
WITHIN 10 [stock_time]
CONSUME BY NONE

02:26:12.509385414 [13] backend.hpp:83               LOG_INFO Parsing stream info: CREATE STREAM S {
EVENT BUY { id:int, name:string, volume:int, price:double, stock_time:primary_time },
EVENT SELL { id:int, name:string, volume:int, price:double, stock_time:primary_time }
}

02:26:12.510134342 [13] client_message_handler.hpp:179 LOG_INFO Received request for declaring stream S in ClientMessageHandler::stream_declaration_from_string
02:26:12.510514279 [13] client_message_handler.hpp:240 LOG_INFO Received query 
'SELECT * FROM S
WHERE (BUY as A; SELL as A)
FILTER A[name = 'A']
WITHIN 10 [stock_time]
CONSUME BY NONE
' in ClientMessageHandler::add_query
02:26:12.510514469 [13] backend.hpp:88               LOG_INFO Parsing query info: SELECT * FROM S
WHERE (BUY as A; SELL as A)
FILTER A[name = 'A']
WITHIN 10 [stock_time]
CONSUME BY NONE

02:26:13.203246115 [12] backend.hpp:83               LOG_INFO Parsing stream info: CREATE STREAM S {
EVENT BUY { id:int, name:string, volume:int, price:double, stock_time:primary_time },
EVENT SELL { id:int, name:string, volume:int, price:double, stock_time:primary_time }
}

02:26:13.203889440 [12] client_message_handler.hpp:179 LOG_INFO Received request for declaring stream S in ClientMessageHandler::stream_declaration_from_string
02:26:13.204093965 [12] client_message_handler.hpp:240 LOG_INFO Received query 
'SELECT * FROM S
WHERE (BUY as A; SELL as A)
FILTER A[name = 'A']
WITHIN 10 [stock_time]
CONSUME BY NONE
' in ClientMessageHandler::add_query
02:26:13.204094475 [12] backend.hpp:88               LOG_INFO Parsing query info: SELECT * FROM S
WHERE (BUY as A; SELL as A)
FILTER A[name = 'A']
WITHIN 10 [stock_time]
CONSUME BY NONE

02:28:09.489294669 [13] backend.hpp:83               LOG_INFO Parsing stream info: CREATE STREAM S {
EVENT BUY { id:int, name:string, volume:int, price:double, stock_time:primary_time },
EVENT SELL { id:int, name:string, volume:int, price:double, stock_time:primary_time }
}

02:28:09.489661536 [13] client_message_handler.hpp:179 LOG_INFO Received request for declaring stream S in ClientMessageHandler::stream_declaration_from_string
02:28:09.490082573 [13] client_message_handler.hpp:240 LOG_INFO Received query 
'SELECT * FROM S
WHERE (BUY as A; SELL as A)
FILTER A[name = 'A']
WITHIN 10 [stock_time]
CONSUME BY NONE
' in ClientMessageHandler::add_query
02:28:09.490082897 [13] backend.hpp:88               LOG_INFO Parsing query info: SELECT * FROM S
WHERE (BUY as A; SELL as A)
FILTER A[name = 'A']
WITHIN 10 [stock_time]
CONSUME BY NONE

02:31:56.718107531 [12] client_message_handler.hpp:179 LOG_INFO Received request for declaring stream S in ClientMessageHandler::stream_declaration_from_string
02:31:56.718497136 [12] client_message_handler.hpp:252 LOG_INFO Received option 
'CREATE QUARANTINE {
FIXED_TIME 3 seconds {S}
}
' in ClientMessageHandler::set_option
02:31:56.718918660 [12] client_message_handler.hpp:240 LOG_INFO Received query 
'SELECT * FROM S
WHERE (BUY as A; SELL as A)
FILTER A[name = 'A']
WITHIN 10 [stock_time]
CONSUME BY NONE
' in ClientMessageHandler::add_query
02:32:41.713352379 [13] client_message_handler.hpp:179 LOG_INFO Received request for declaring stream S in ClientMessageHandler::stream_declaration_from_string
02:32:41.713869128 [13] client_message_handler.hpp:252 LOG_INFO Received option 
'CREATE QUARANTINE {
FIXED_TIME 3 seconds {S}
}
' in ClientMessageHandler::set_option
02:32:41.714631346 [13] client_message_handler.hpp:240 LOG_INFO Received query 
'SELECT * FROM S
WHERE (BUY as A; SELL as A)
FILTER A[name = 'A']
WITHIN 10 [stock_time]
CONSUME BY NONE
' in ClientMessageHandler::add_query
02:34:40.162975646 [13] client_message_handler.hpp:179 LOG_INFO Received request for declaring stream S in ClientMessageHandler::stream_declaration_from_string
02:34:40.163449753 [13] client_message_handler.hpp:252 LOG_INFO Received option 
'CREATE QUARANTINE {
FIXED_TIME 3 seconds {S}
}
' in ClientMessageHandler::set_option
02:34:40.164146334 [13] client_message_handler.hpp:240 LOG_INFO Received query 
'SELECT * FROM S
WHERE (BUY as A; SELL as A)
FILTER A[name = 'A']
WITHIN 10 [stock_time]
CONSUME BY NONE
' in ClientMessageHandler::add_query
02:47:30.192384219 [13] client_message_handler.hpp:179 LOG_INFO Received request for declaring stream S in ClientMessageHandler::stream_declaration_from_string
02:47:30.192682501 [13] client_message_handler.hpp:252 LOG_INFO Received option 
'CREATE QUARANTINE {
FIXED_TIME 3 seconds {S}
}
' in ClientMessageHandler::set_option
02:47:30.193252610 [13] client_message_handler.hpp:240 LOG_INFO Received query 
'SELECT * FROM S
WHERE (BUY as A; SELL as A)
FILTER A[name = 'A']
WITHIN 10 [stock_time]
CONSUME BY NONE
' in ClientMessageHandler::add_query
02:50:16.720507604 [13] client_message_handler.hpp:179 LOG_INFO Received request for declaring stream S in ClientMessageHandler::stream_declaration_from_string
02:50:16.720937094 [13] client_message_handler.hpp:252 LOG_INFO Received option 
'CREATE QUARANTINE {
FIXED_TIME 3 seconds {S}
}
' in ClientMessageHandler::set_option
02:50:16.721581548 [13] client_message_handler.hpp:240 LOG_INFO Received query 
'SELECT * FROM S
WHERE (BUY as A; SELL as A)
FILTER A[name = 'A']
WITHIN 10 [stock_time]
CONSUME BY NONE
' in ClientMessageHandler::add_query
02:50:51.007956110 [13] client_message_handler.hpp:179 LOG_INFO Received request for declaring stream S in ClientMessageHandler::stream_declaration_from_string
02:50:51.008400038 [13] client_message_handler.hpp:252 LOG_INFO Received option 
'CREATE QUARANTINE {
FIXED_TIME 3 seconds {S}
}
' in ClientMessageHandler::set_option
02:50:51.008747579 [13] client_message_handler.hpp:240 LOG_INFO Received query 
'SELECT * FROM S
WHERE (BUY as A; SELL as A)
FILTER A[name = 'A']
WITHIN 10 [stock_time]
CONSUME BY NONE
' in ClientMessageHandler::add_query
02:54:36.061573925 [13] client_message_handler.hpp:179 LOG_INFO Received request for declaring stream S in ClientMessageHandler::stream_declaration_from_string
02:54:36.061850449 [13] client_message_handler.hpp:252 LOG_INFO Received option 
'CREATE QUARANTINE {
FIXED_TIME 3 seconds {S}
}
' in ClientMessageHandler::set_option
02:54:36.062248405 [13] client_message_handler.hpp:240 LOG_INFO Received query 
'SELECT * FROM S
WHERE (BUY as A; SELL as A)
FILTER A[name = 'A']
WITHIN 10 [stock_time]
CONSUME BY NONE
' in ClientMessageHandler::add_query
02:55:33.715215153 [13] client_message_handler.hpp:179 LOG_INFO Received request for declaring stream S in ClientMessageHandler::stream_declaration_from_string
02:55:33.716023105 [13] client_message_handler.hpp:252 LOG_INFO Received option 
'CREATE QUARANTINE {
FIXED_TIME 3 seconds {S}
}
' in ClientMessageHandler::set_option
02:55:33.716455410 [13] client_message_handler.hpp:240 LOG_INFO Received query 
'SELECT * FROM S
WHERE (BUY as A; SELL as A)
FILTER A[name = 'A']
WITHIN 10 [stock_time]
CONSUME BY NONE
' in ClientMessageHandler::add_query
02:57:55.206622402 [13] client_message_handler.hpp:179 LOG_INFO Received request for declaring stream S in ClientMessageHandler::stream_declaration_from_string
02:57:55.206944341 [13] client_message_handler.hpp:252 LOG_INFO Received option 
'CREATE QUARANTINE {
FIXED_TIME 3 seconds {S}
}
' in ClientMessageHandler::set_option
02:57:55.207321714 [13] client_message_handler.hpp:240 LOG_INFO Received query 
'SELECT * FROM S
WHERE (BUY as A; SELL as A)
FILTER A[name = 'A']
WITHIN 10 [stock_time]
CONSUME BY NONE
' in ClientMessageHandler::add_query
02:58:47.234297337 [13] client_message_handler.hpp:179 LOG_INFO Received request for declaring stream S in ClientMessageHandler::stream_declaration_from_string
02:58:47.234682061 [13] client_message_handler.hpp:252 LOG_INFO Received option 
'CREATE QUARANTINE {
FIXED_TIME 3 seconds {S}
}
' in ClientMessageHandler::set_option
02:58:47.235202824 [13] client_message_handler.hpp:240 LOG_INFO Received query 
'SELECT * FROM S
WHERE (BUY as A; SELL as A)
FILTER A[name = 'A']
WITHIN 10 [stock_time]
CONSUME BY NONE
' in ClientMessageHandler::add_query
02:59:35.604603869 [13] client_message_handler.hpp:179 LOG_INFO Received request for declaring stream S in ClientMessageHandler::stream_declaration_from_string
02:59:35.605164246 [13] client_message_handler.hpp:252 LOG_INFO Received option 
'CREATE QUARANTINE {
FIXED_TIME 3 seconds {S}
}
' in ClientMessageHandler::set_option
02:59:35.605857749 [13] client_message_handler.hpp:240 LOG_INFO Received query 
'SELECT * FROM S
WHERE (BUY as A; SELL as A)
FILTER A[name = 'A']
WITHIN 10 [stock_time]
CONSUME BY NONE
' in ClientMessageHandler::add_query
03:02:48.099144635 [13] client_message_handler.hpp:179 LOG_INFO Received request for declaring stream S in ClientMessageHandler::stream_declaration_from_string
03:02:48.099437253 [13] client_message_handler.hpp:252 LOG_INFO Received option 
'CREATE QUARANTINE {
FIXED_TIME 3 seconds {S}
}
' in ClientMessageHandler::set_option
03:02:48.099728737 [13] client_message_handler.hpp:240 LOG_INFO Received query 
'SELECT * FROM S
WHERE (BUY as A; SELL as A)
FILTER A[name = 'A']
WITHIN 10 [stock_time]
CONSUME BY NONE
' in ClientMessageHandler::add_query
03:16:43.222906917 [13] client_message_handler.hpp:179 LOG_INFO Received request for declaring stream S in ClientMessageHandler::stream_declaration_from_string
03:16:43.223634153 [13] client_message_handler.hpp:252 LOG_INFO Received option 
'CREATE QUARANTINE {
FIXED_TIME 3 seconds {S}
}
' in ClientMessageHandler::set_option
03:16:43.224548536 [13] client_message_handler.hpp:240 LOG_INFO Received query 
'SELECT * FROM S
WHERE (BUY as A; SELL as A)
FILTER A[name = 'A']
WITHIN 10 [stock_time]
CONSUME BY NONE
' in ClientMessageHandler::add_query
03:29:29.850063244 [13] client_message_handler.hpp:179 LOG_INFO Received request for declaring stream S in ClientMessageHandler::stream_declaration_from_string
03:29:29.850269748 [13] client_message_handler.hpp:252 LOG_INFO Received option 
'CREATE QUARANTINE {
FIXED_TIME 10 seconds {S}
}
' in ClientMessageHandler::set_option
03:29:29.850566524 [13] client_message_handler.hpp:240 LOG_INFO Received query 
'SELECT * FROM S
WHERE (BUY as A; SELL as A)
FILTER A[name = 'A']
WITHIN 10 [stock_time]
CONSUME BY NONE
' in ClientMessageHandler::add_query
03:34:13.660215908 [13] client_message_handler.hpp:179 LOG_INFO Received request for declaring stream S in ClientMessageHandler::stream_declaration_from_string
03:34:13.660453299 [13] client_message_handler.hpp:240 LOG_INFO Received query 
'SELECT * FROM S
WHERE (BUY as A; SELL as A)
FILTER A[name = 'A']
WITHIN 10 [stock_time]
CONSUME BY NONE
' in ClientMessageHandler::add_query
03:34:25.205037824 [13] client_message_handler.hpp:179 LOG_INFO Received request for declaring stream S in ClientMessageHandler::stream_declaration_from_string
03:34:25.205442553 [13] client_message_handler.hpp:252 LOG_INFO Received option 
'CREATE QUARANTINE {
FIXED_TIME 10 seconds {S}
}
' in ClientMessageHandler::set_option
03:34:25.205802786 [13] client_message_handler.hpp:240 LOG_INFO Received query 
'SELECT * FROM S
WHERE (BUY as A; SELL as A)
FILTER A[name = 'A']
WITHIN 10 [stock_time]
CONSUME BY NONE
' in ClientMessageHandler::add_query
03:36:34.174970896 [13] client_message_handler.hpp:179 LOG_INFO Received request for declaring stream S in ClientMessageHandler::stream_declaration_from_string
03:36:34.175089874 [13] client_message_handler.hpp:240 LOG_INFO Received query 
'SELECT * FROM S
WHERE (BUY as A; SELL as A)
FILTER A[name = 'A']
WITHIN 10 [stock_time]
CONSUME BY NONE
' in ClientMessageHandler::add_query
03:36:45.724639665 [13] client_message_handler.hpp:179 LOG_INFO Received request for declaring stream S in ClientMessageHandler::stream_declaration_from_string
03:36:45.725261358 [13] client_message_handler.hpp:252 LOG_INFO Received option 
'CREATE QUARANTINE {
FIXED_TIME 10 seconds {S}
}
' in ClientMessageHandler::set_option
03:36:45.726160128 [13] client_message_handler.hpp:240 LOG_INFO Received query 
'SELECT * FROM S
WHERE (BUY as A; SELL as A)
FILTER A[name = 'A']
WITHIN 10 [stock_time]
CONSUME BY NONE
' in ClientMessageHandler::add_query
03:39:22.027860132 [12] client_message_handler.hpp:179 LOG_INFO Received request for declaring stream S in ClientMessageHandler::stream_declaration_from_string
03:39:22.028106739 [12] client_message_handler.hpp:240 LOG_INFO Received query 
'SELECT * FROM S
WHERE (BUY as A; SELL as A)
FILTER A[name = 'A']
WITHIN 10 [stock_time]
CONSUME BY NONE
' in ClientMessageHandler::add_query
03:39:33.576070538 [13] client_message_handler.hpp:179 LOG_INFO Received request for declaring stream S in ClientMessageHandler::stream_declaration_from_string
03:39:33.576290148 [13] client_message_handler.hpp:252 LOG_INFO Received option 
'CREATE QUARANTINE {
FIXED_TIME 10 seconds {S}
}
' in ClientMessageHandler::set_option
03:39:33.576901994 [13] client_message_handler.hpp:240 LOG_INFO Received query 
'SELECT * FROM S
WHERE (BUY as A; SELL as A)
FILTER A[name = 'A']
WITHIN 10 [stock_time]
CONSUME BY NONE
' in ClientMessageHandler::add_query
03:41:44.198663931 [13] client_message_handler.hpp:179 LOG_INFO Received request for declaring stream S in ClientMessageHandler::stream_declaration_from_string
03:41:44.198874585 [13] client_message_handler.hpp:240 LOG_INFO Received query 
'SELECT * FROM S
WHERE (BUY as A; SELL as A)
FILTER A[name = 'A']
WITHIN 10 [stock_time]
CONSUME BY NONE
' in ClientMessageHandler::add_query
03:41:55.736616379 [13] client_message_handler.hpp:179 LOG_INFO Received request for declaring stream S in ClientMessageHandler::stream_declaration_from_string
03:41:55.737016787 [13] client_message_handler.hpp:252 LOG_INFO Received option 
'CREATE QUARANTINE {
FIXED_TIME 10 seconds {S}
}
' in ClientMessageHandler::set_option
03:41:55.737469421 [13] client_message_handler.hpp:240 LOG_INFO Received query 
'SELECT * FROM S
WHERE (BUY as A; SELL as A)
FILTER A[name = 'A']
WITHIN 10 [stock_time]
CONSUME BY NONE
' in ClientMessageHandler::add_query
03:59:44.864420718 [13] client_message_handler.hpp:179 LOG_INFO Received request for declaring stream S in ClientMessageHandler::stream_declaration_from_string
03:59:44.864496218 [13] client_message_handler.hpp:240 LOG_INFO Received query 
'SELECT * FROM S
WHERE (BUY as A; SELL as A)
FILTER A[name = 'A']
WITHIN 10 [stock_time]
CONSUME BY NONE
' in ClientMessageHandler::add_query
03:59:56.450658592 [12] client_message_handler.hpp:179 LOG_INFO Received request for declaring stream S in ClientMessageHandler::stream_declaration_from_string
03:59:56.451177953 [12] client_message_handler.hpp:252 LOG_INFO Received option 
'CREATE QUARANTINE {
FIXED_TIME 5 seconds {S}
}
' in ClientMessageHandler::set_option
03:59:56.451613173 [12] client_message_handler.hpp:240 LOG_INFO Received query 
'SELECT * FROM S
WHERE (BUY as A; SELL as A)
FILTER A[name = 'A']
WITHIN 10 [stock_time]
CONSUME BY NONE
' in ClientMessageHandler::add_query
10:31:07.336433871 [13] client_message_handler.hpp:179 LOG_INFO Received request for declaring stream S in ClientMessageHandler::stream_declaration_from_string
10:31:07.336785864 [13] client_message_handler.hpp:240 LOG_INFO Received query 
'SELECT * FROM S
WHERE change_in_heading; change_in_speed_start
PARTITION BY [Vessel_ID]
WITHIN 5 [Time_A]
CONSUME BY NONE
' in ClientMessageHandler::add_query
10:42:09.895149277 [13] client_message_handler.hpp:179 LOG_INFO Received request for declaring stream S in ClientMessageHandler::stream_declaration_from_string
10:42:09.895712096 [13] client_message_handler.hpp:240 LOG_INFO Received query 
'SELECT * FROM S
WHERE change_in_heading; change_in_speed_start
PARTITION BY [Vessel_ID]
WITHIN 5 [Time_A]
CONSUME BY NONE
' in ClientMessageHandler::add_query
10:46:14.707554897 [13] client_message_handler.hpp:179 LOG_INFO Received request for declaring stream S in ClientMessageHandler::stream_declaration_from_string
10:46:14.707861411 [13] client_message_handler.hpp:240 LOG_INFO Received query 
'SELECT * FROM S
WHERE (BUY as A; SELL as A)
FILTER A[name = 'A']
WITHIN 10 [stock_time]
CONSUME BY NONE
' in ClientMessageHandler::add_query
10:46:44.843655362 [13] client_message_handler.hpp:179 LOG_INFO Received request for declaring stream S in ClientMessageHandler::stream_declaration_from_string
10:46:44.844065914 [13] client_message_handler.hpp:240 LOG_INFO Received query 
'SELECT * FROM S
WHERE (BUY as A; SELL as A)
FILTER A[name = 'A']
WITHIN 10 [stock_time]
CONSUME BY NONE
' in ClientMessageHandler::add_query
10:47:40.496842459 [13] client_message_handler.hpp:179 LOG_INFO Received request for declaring stream S in ClientMessageHandler::stream_declaration_from_string
10:47:40.498086336 [13] client_message_handler.hpp:252 LOG_INFO Received option 
'CREATE QUARANTINE {
FIXED_TIME 10 seconds {S}
}
' in ClientMessageHandler::set_option
10:47:40.499116326 [13] client_message_handler.hpp:240 LOG_INFO Received query 
'SELECT * FROM S
WHERE change_in_heading; change_in_speed_start
PARTITION BY [Vessel_ID]
WITHIN 5 [Time_A]
CONSUME BY NONE
' in ClientMessageHandler::add_query
10:51:31.405189788 [12] client_message_handler.hpp:179 LOG_INFO Received request for declaring stream S in ClientMessageHandler::stream_declaration_from_string
10:51:31.405874345 [12] client_message_handler.hpp:252 LOG_INFO Received option 
'CREATE QUARANTINE {
FIXED_TIME 10 seconds {S}
}
' in ClientMessageHandler::set_option
10:51:31.406858476 [12] client_message_handler.hpp:240 LOG_INFO Received query 
'SELECT * FROM S
WHERE change_in_heading; change_in_speed_start
PARTITION BY [Vessel_ID]
WITHIN 5 [Time_A]
CONSUME BY NONE
' in ClientMessageHandler::add_query
10:56:51.654530483 [13] client_message_handler.hpp:179 LOG_INFO Received request for declaring stream S in ClientMessageHandler::stream_declaration_from_string
10:56:51.654897086 [13] client_message_handler.hpp:240 LOG_INFO Received query 
'SELECT * FROM S
WHERE change_in_heading; change_in_speed_start
PARTITION BY [Vessel_ID]
WITHIN 5 [Time_A]
CONSUME BY NONE
' in ClientMessageHandler::add_query
10:59:33.689202720 [13] client_message_handler.hpp:179 LOG_INFO Received request for declaring stream S in ClientMessageHandler::stream_declaration_from_string
10:59:33.689417056 [13] client_message_handler.hpp:240 LOG_INFO Received query 
'SELECT * FROM S
WHERE change_in_heading; change_in_speed_start
PARTITION BY [Vessel_ID]
WITHIN 5 [Time_A]
CONSUME BY NONE
' in ClientMessageHandler::add_query
10:59:41.042121116 [13] client_message_handler.hpp:179 LOG_INFO Received request for declaring stream S in ClientMessageHandler::stream_declaration_from_string
10:59:41.042572397 [13] client_message_handler.hpp:240 LOG_INFO Received query 
'SELECT * FROM S
WHERE change_in_heading; change_in_speed_start
PARTITION BY [Vessel_ID]
WITHIN 5 [Time_A]
CONSUME BY NONE
' in ClientMessageHandler::add_query
11:00:01.727283927 [13] client_message_handler.hpp:179 LOG_INFO Received request for declaring stream S in ClientMessageHandler::stream_declaration_from_string
11:00:01.727706869 [13] client_message_handler.hpp:240 LOG_INFO Received query 
'SELECT * FROM S
WHERE change_in_heading; change_in_speed_start
PARTITION BY [Vessel_ID]
WITHIN 5 [Time_A]
CONSUME BY NONE
' in ClientMessageHandler::add_query
11:00:16.549394562 [13] client_message_handler.hpp:179 LOG_INFO Received request for declaring stream S in ClientMessageHandler::stream_declaration_from_string
11:00:16.551317965 [13] client_message_handler.hpp:252 LOG_INFO Received option 
'CREATE QUARANTINE {
FIXED_TIME 10 seconds {S}
}
' in ClientMessageHandler::set_option
11:00:16.552565521 [13] client_message_handler.hpp:240 LOG_INFO Received query 
'SELECT * FROM S
WHERE change_in_heading; change_in_speed_start
PARTITION BY [Vessel_ID]
WITHIN 5 [Time_A]
CONSUME BY NONE
' in ClientMessageHandler::add_query
11:00:37.223002876 [13] client_message_handler.hpp:179 LOG_INFO Received request for declaring stream S in ClientMessageHandler::stream_declaration_from_string
11:00:37.223785061 [13] client_message_handler.hpp:252 LOG_INFO Received option 
'CREATE QUARANTINE {
FIXED_TIME 10 seconds {S}
}
' in ClientMessageHandler::set_option
11:00:37.224736172 [13] client_message_handler.hpp:240 LOG_INFO Received query 
'SELECT * FROM S
WHERE change_in_heading; change_in_speed_start
PARTITION BY [Vessel_ID]
WITHIN 5 [Time_A]
CONSUME BY NONE
' in ClientMessageHandler::add_query
11:02:03.042702879 [13] client_message_handler.hpp:179 LOG_INFO Received request for declaring stream S in ClientMessageHandler::stream_declaration_from_string
11:02:03.043179130 [13] client_message_handler.hpp:240 LOG_INFO Received query 
'SELECT * FROM S
WHERE change_in_heading; change_in_speed_start
PARTITION BY [Vessel_ID]
WITHIN 5 [Time_A]
CONSUME BY NONE
' in ClientMessageHandler::add_query
11:02:22.628605883 [13] client_message_handler.hpp:179 LOG_INFO Received request for declaring stream S in ClientMessageHandler::stream_declaration_from_string
11:02:22.628983386 [13] client_message_handler.hpp:240 LOG_INFO Received query 
'SELECT * FROM S
WHERE change_in_heading; change_in_speed_start
PARTITION BY [Vessel_ID]
WITHIN 5 [Time_A]
CONSUME BY NONE
' in ClientMessageHandler::add_query
11:02:49.988912371 [13] client_message_handler.hpp:179 LOG_INFO Received request for declaring stream S in ClientMessageHandler::stream_declaration_from_string
11:02:49.990896253 [13] client_message_handler.hpp:252 LOG_INFO Received option 
'CREATE QUARANTINE {
FIXED_TIME 10 seconds {S}
}
' in ClientMessageHandler::set_option
11:02:49.991817205 [13] client_message_handler.hpp:240 LOG_INFO Received query 
'SELECT * FROM S
WHERE change_in_heading; change_in_speed_start
PARTITION BY [Vessel_ID]
WITHIN 5 [Time_A]
CONSUME BY NONE
' in ClientMessageHandler::add_query
11:03:20.390642896 [13] client_message_handler.hpp:179 LOG_INFO Received request for declaring stream S in ClientMessageHandler::stream_declaration_from_string
11:03:20.392158967 [13] client_message_handler.hpp:252 LOG_INFO Received option 
'CREATE QUARANTINE {
FIXED_TIME 10 seconds {S}
}
' in ClientMessageHandler::set_option
11:03:20.393196657 [13] client_message_handler.hpp:240 LOG_INFO Received query 
'SELECT * FROM S
WHERE change_in_heading; change_in_speed_start
PARTITION BY [Vessel_ID]
WITHIN 5 [Time_A]
CONSUME BY NONE
' in ClientMessageHandler::add_query
11:17:50.105460192 [13] client_message_handler.hpp:179 LOG_INFO Received request for declaring stream S in ClientMessageHandler::stream_declaration_from_string
11:17:50.106288476 [13] client_message_handler.hpp:252 LOG_INFO Received option 
'CREATE QUARANTINE {
FIXED_TIME 10 seconds {S}
}
' in ClientMessageHandler::set_option
11:17:50.106999833 [13] client_message_handler.hpp:240 LOG_INFO Received query 
'SELECT * FROM S
WHERE change_in_heading; change_in_speed_start
PARTITION BY [Vessel_ID]
WITHIN 5 [Time_A]
CONSUME BY NONE
' in ClientMessageHandler::add_query
11:21:08.845332365 [13] client_message_handler.hpp:179 LOG_INFO Received request for declaring stream S in ClientMessageHandler::stream_declaration_from_string
11:21:08.845758107 [13] client_message_handler.hpp:240 LOG_INFO Received query 
'SELECT * FROM S
WHERE change_in_heading; change_in_speed_start
PARTITION BY [Vessel_ID]
WITHIN 5 [Time_A]
CONSUME BY NONE
' in ClientMessageHandler::add_query
11:24:16.357341012 [13] client_message_handler.hpp:179 LOG_INFO Received request for declaring stream S in ClientMessageHandler::stream_declaration_from_string
11:24:16.357839022 [13] client_message_handler.hpp:240 LOG_INFO Received query 
'SELECT * FROM S
WHERE change_in_heading; change_in_speed_start
PARTITION BY [Vessel_ID]
WITHIN 5 [Time_A]
CONSUME BY NONE
' in ClientMessageHandler::add_query
11:24:52.583623685 [13] client_message_handler.hpp:179 LOG_INFO Received request for declaring stream S in ClientMessageHandler::stream_declaration_from_string
11:24:52.584002298 [13] client_message_handler.hpp:240 LOG_INFO Received query 
'SELECT * FROM S
WHERE change_in_heading; change_in_speed_start
PARTITION BY [Vessel_ID]
WITHIN 5 [Time_A]
CONSUME BY NONE
' in ClientMessageHandler::add_query
11:29:14.269881916 [13] client_message_handler.hpp:179 LOG_INFO Received request for declaring stream S in ClientMessageHandler::stream_declaration_from_string
11:29:14.270315608 [13] client_message_handler.hpp:240 LOG_INFO Received query 
'SELECT * FROM S
WHERE change_in_heading; change_in_speed_start
PARTITION BY [Vessel_ID]
WITHIN 5 [Time_A]
CONSUME BY NONE
' in ClientMessageHandler::add_query
11:31:19.819340490 [13] client_message_handler.hpp:179 LOG_INFO Received request for declaring stream S in ClientMessageHandler::stream_declaration_from_string
11:31:19.819868770 [13] client_message_handler.hpp:240 LOG_INFO Received query 
'SELECT * FROM S
WHERE change_in_heading; change_in_speed_start
PARTITION BY [Vessel_ID]
WITHIN 5 [Time_A]
CONSUME BY NONE
' in ClientMessageHandler::add_query
11:31:50.637292533 [13] client_message_handler.hpp:179 LOG_INFO Received request for declaring stream S in ClientMessageHandler::stream_declaration_from_string
11:31:50.637533078 [13] client_message_handler.hpp:240 LOG_INFO Received query 
'SELECT * FROM S
WHERE change_in_heading; change_in_speed_start
PARTITION BY [Vessel_ID]
WITHIN 5 [Time_A]
CONSUME BY NONE
' in ClientMessageHandler::add_query
11:33:39.312223506 [13] client_message_handler.hpp:179 LOG_INFO Received request for declaring stream S in ClientMessageHandler::stream_declaration_from_string
11:33:39.312734846 [13] client_message_handler.hpp:240 LOG_INFO Received query 
'SELECT * FROM S
WHERE change_in_heading; change_in_speed_start
PARTITION BY [Vessel_ID]
WITHIN 5 [Time_A]
CONSUME BY NONE
' in ClientMessageHandler::add_query
11:36:42.059882984 [13] client_message_handler.hpp:179 LOG_INFO Received request for declaring stream S in ClientMessageHandler::stream_declaration_from_string
11:36:42.060939494 [13] client_message_handler.hpp:252 LOG_INFO Received option 
'CREATE QUARANTINE {
FIXED_TIME 10 seconds {S}
}
' in ClientMessageHandler::set_option
11:36:42.062781588 [13] client_message_handler.hpp:240 LOG_INFO Received query 
'SELECT * FROM S
WHERE change_in_heading; change_in_speed_start
PARTITION BY [Vessel_ID]
WITHIN 5 [Time_A]
CONSUME BY NONE
' in ClientMessageHandler::add_query
11:38:30.235758797 [13] client_message_handler.hpp:179 LOG_INFO Received request for declaring stream S in ClientMessageHandler::stream_declaration_from_string
11:38:30.236433144 [13] client_message_handler.hpp:252 LOG_INFO Received option 
'CREATE QUARANTINE {
FIXED_TIME 10 seconds {S}
}
' in ClientMessageHandler::set_option
11:38:30.237496733 [13] client_message_handler.hpp:240 LOG_INFO Received query 
'SELECT * FROM S
WHERE change_in_heading; change_in_speed_start
PARTITION BY [Vessel_ID]
WITHIN 5 [Time_A]
CONSUME BY NONE
' in ClientMessageHandler::add_query
11:39:42.851652466 [13] client_message_handler.hpp:179 LOG_INFO Received request for declaring stream S in ClientMessageHandler::stream_declaration_from_string
11:39:42.852678316 [13] client_message_handler.hpp:252 LOG_INFO Received option 
'CREATE QUARANTINE {
FIXED_TIME 10 seconds {S}
}
' in ClientMessageHandler::set_option
11:39:42.854048780 [13] client_message_handler.hpp:240 LOG_INFO Received query 
'SELECT * FROM S
WHERE change_in_heading; change_in_speed_start
PARTITION BY [Vessel_ID]
WITHIN 5 [Time_A]
CONSUME BY NONE
' in ClientMessageHandler::add_query
11:40:38.820939884 [13] client_message_handler.hpp:179 LOG_INFO Received request for declaring stream S in ClientMessageHandler::stream_declaration_from_string
11:40:38.821897506 [13] client_message_handler.hpp:252 LOG_INFO Received option 
'CREATE QUARANTINE {
FIXED_TIME 10 seconds {S}
}
' in ClientMessageHandler::set_option
11:40:38.822709470 [13] client_message_handler.hpp:240 LOG_INFO Received query 
'SELECT * FROM S
WHERE change_in_heading; change_in_speed_start
PARTITION BY [Vessel_ID]
WITHIN 5 [Time_A]
CONSUME BY NONE
' in ClientMessageHandler::add_query
11:42:05.450399557 [13] client_message_handler.hpp:179 LOG_INFO Received request for declaring stream S in ClientMessageHandler::stream_declaration_from_string
11:42:05.451278540 [13] client_message_handler.hpp:252 LOG_INFO Received option 
'CREATE QUARANTINE {
FIXED_TIME 10 seconds {S}
}
' in ClientMessageHandler::set_option
11:42:05.452338180 [13] client_message_handler.hpp:240 LOG_INFO Received query 
'SELECT * FROM S
WHERE change_in_heading; change_in_speed_start
PARTITION BY [Vessel_ID]
WITHIN 5 [Time_A]
CONSUME BY NONE
' in ClientMessageHandler::add_query
11:44:26.771801154 [13] client_message_handler.hpp:179 LOG_INFO Received request for declaring stream S in ClientMessageHandler::stream_declaration_from_string
11:44:26.772849023 [13] client_message_handler.hpp:252 LOG_INFO Received option 
'CREATE QUARANTINE {
FIXED_TIME 10 seconds {S}
}
' in ClientMessageHandler::set_option
11:44:26.774098289 [13] client_message_handler.hpp:240 LOG_INFO Received query 
'SELECT * FROM S
WHERE change_in_heading; change_in_speed_start
PARTITION BY [Vessel_ID]
WITHIN 5 [Time_A]
CONSUME BY NONE
' in ClientMessageHandler::add_query
11:47:00.881776484 [13] client_message_handler.hpp:179 LOG_INFO Received request for declaring stream S in ClientMessageHandler::stream_declaration_from_string
11:47:00.882043809 [13] client_message_handler.hpp:240 LOG_INFO Received query 
'SELECT * FROM S
WHERE (BUY as A; SELL as A)
FILTER A[name = 'A']
WITHIN 10 [stock_time]
CONSUME BY NONE
' in ClientMessageHandler::add_query
11:47:04.783448680 [12] client_message_handler.hpp:179 LOG_INFO Received request for declaring stream S in ClientMessageHandler::stream_declaration_from_string
11:47:04.784165636 [12] client_message_handler.hpp:252 LOG_INFO Received option 
'CREATE QUARANTINE {
FIXED_TIME 6 seconds {S}
}
' in ClientMessageHandler::set_option
11:47:04.784945201 [12] client_message_handler.hpp:240 LOG_INFO Received query 
'SELECT * FROM S
WHERE (BUY as A; SELL as A)
FILTER A[name = 'A']
WITHIN 10 [stock_time]
CONSUME BY NONE
' in ClientMessageHandler::add_query
11:52:37.792162833 [13] client_message_handler.hpp:179 LOG_INFO Received request for declaring stream S in ClientMessageHandler::stream_declaration_from_string
11:52:37.793174613 [13] client_message_handler.hpp:252 LOG_INFO Received option 
'CREATE QUARANTINE {
FIXED_TIME 10 seconds {S}
}
' in ClientMessageHandler::set_option
11:52:37.794430099 [13] client_message_handler.hpp:240 LOG_INFO Received query 
'SELECT * FROM S
WHERE change_in_heading; change_in_speed_start
PARTITION BY [Vessel_ID]
WITHIN 5 [Time_A]
CONSUME BY NONE
' in ClientMessageHandler::add_query
11:54:45.333856468 [13] client_message_handler.hpp:179 LOG_INFO Received request for declaring stream S in ClientMessageHandler::stream_declaration_from_string
11:54:45.334648673 [13] client_message_handler.hpp:252 LOG_INFO Received option 
'CREATE QUARANTINE {
FIXED_TIME 10 seconds {S}
}
' in ClientMessageHandler::set_option
11:54:45.335279211 [13] client_message_handler.hpp:240 LOG_INFO Received query 
'SELECT * FROM S
WHERE change_in_heading; change_in_speed_start
PARTITION BY [Vessel_ID]
WITHIN 5 [Time_A]
CONSUME BY NONE
' in ClientMessageHandler::add_query
11:56:22.342416905 [13] client_message_handler.hpp:179 LOG_INFO Received request for declaring stream S in ClientMessageHandler::stream_declaration_from_string
11:56:22.342676840 [13] client_message_handler.hpp:240 LOG_INFO Received query 
'SELECT * FROM S
WHERE (BUY as A; SELL as A)
FILTER A[name = 'A']
WITHIN 10 [stock_time]
CONSUME BY NONE
' in ClientMessageHandler::add_query
11:56:26.239547241 [13] client_message_handler.hpp:179 LOG_INFO Received request for declaring stream S in ClientMessageHandler::stream_declaration_from_string
11:56:26.240288807 [13] client_message_handler.hpp:252 LOG_INFO Received option 
'CREATE QUARANTINE {
FIXED_TIME 6 seconds {S}
}
' in ClientMessageHandler::set_option
11:56:26.241165510 [13] client_message_handler.hpp:240 LOG_INFO Received query 
'SELECT * FROM S
WHERE (BUY as A; SELL as A)
FILTER A[name = 'A']
WITHIN 10 [stock_time]
CONSUME BY NONE
' in ClientMessageHandler::add_query
12:43:56.151732942 [13] client_message_handler.hpp:179 LOG_INFO Received request for declaring stream S in ClientMessageHandler::stream_declaration_from_string
12:43:56.152726863 [13] client_message_handler.hpp:252 LOG_INFO Received option 
'CREATE QUARANTINE {
FIXED_TIME 10 seconds {S}
}
' in ClientMessageHandler::set_option
12:43:56.154396961 [13] client_message_handler.hpp:240 LOG_INFO Received query 
'SELECT * FROM S
WHERE change_in_heading; change_in_speed_start
PARTITION BY [Vessel_ID]
WITHIN 5 [Time_A]
CONSUME BY NONE
' in ClientMessageHandler::add_query
12:45:43.293023051 [13] client_message_handler.hpp:179 LOG_INFO Received request for declaring stream S in ClientMessageHandler::stream_declaration_from_string
12:45:43.293864665 [13] client_message_handler.hpp:252 LOG_INFO Received option 
'CREATE QUARANTINE {
FIXED_TIME 10 seconds {S}
}
' in ClientMessageHandler::set_option
12:45:43.294931655 [13] client_message_handler.hpp:240 LOG_INFO Received query 
'SELECT * FROM S
WHERE change_in_heading; change_in_speed_start
PARTITION BY [Vessel_ID]
WITHIN 5 [Time_A]
CONSUME BY NONE
' in ClientMessageHandler::add_query
12:50:21.898531628 [13] client_message_handler.hpp:179 LOG_INFO Received request for declaring stream S in ClientMessageHandler::stream_declaration_from_string
12:50:21.898894601 [13] client_message_handler.hpp:240 LOG_INFO Received query 
'SELECT * FROM S
WHERE (BUY as A; SELL as A)
FILTER A[name = 'A']
WITHIN 10 [stock_time]
CONSUME BY NONE
' in ClientMessageHandler::add_query
12:50:25.783880416 [13] client_message_handler.hpp:179 LOG_INFO Received request for declaring stream S in ClientMessageHandler::stream_declaration_from_string
12:50:25.784564803 [13] client_message_handler.hpp:252 LOG_INFO Received option 
'CREATE QUARANTINE {
FIXED_TIME 6 seconds {S}
}
' in ClientMessageHandler::set_option
12:50:25.785916417 [13] client_message_handler.hpp:240 LOG_INFO Received query 
'SELECT * FROM S
WHERE (BUY as A; SELL as A)
FILTER A[name = 'A']
WITHIN 10 [stock_time]
CONSUME BY NONE
' in ClientMessageHandler::add_query
12:50:57.223048753 [13] client_message_handler.hpp:179 LOG_INFO Received request for declaring stream S in ClientMessageHandler::stream_declaration_from_string
12:50:57.223791349 [13] client_message_handler.hpp:252 LOG_INFO Received option 
'CREATE QUARANTINE {
FIXED_TIME 10 seconds {S}
}
' in ClientMessageHandler::set_option
12:50:57.224520895 [13] client_message_handler.hpp:240 LOG_INFO Received query 
'SELECT * FROM S
WHERE change_in_heading; change_in_speed_start
PARTITION BY [Vessel_ID]
WITHIN 5 [Time_A]
CONSUME BY NONE
' in ClientMessageHandler::add_query
12:52:35.238872506 [13] client_message_handler.hpp:179 LOG_INFO Received request for declaring stream S in ClientMessageHandler::stream_declaration_from_string
12:52:35.239512064 [13] client_message_handler.hpp:252 LOG_INFO Received option 
'CREATE QUARANTINE {
FIXED_TIME 10 seconds {S}
}
' in ClientMessageHandler::set_option
12:52:35.240112442 [13] client_message_handler.hpp:240 LOG_INFO Received query 
'SELECT * FROM S
WHERE change_in_heading; change_in_speed_start
PARTITION BY [Vessel_ID]
WITHIN 5 [Time_A]
CONSUME BY NONE
' in ClientMessageHandler::add_query
12:53:24.387829575 [13] client_message_handler.hpp:179 LOG_INFO Received request for declaring stream S in ClientMessageHandler::stream_declaration_from_string
12:53:24.388802897 [13] client_message_handler.hpp:252 LOG_INFO Received option 
'CREATE QUARANTINE {
FIXED_TIME 10 seconds {S}
}
' in ClientMessageHandler::set_option
12:53:24.389802498 [13] client_message_handler.hpp:240 LOG_INFO Received query 
'SELECT * FROM S
WHERE change_in_heading; change_in_speed_start
PARTITION BY [Vessel_ID]
WITHIN 5 [Time_A]
CONSUME BY NONE
' in ClientMessageHandler::add_query
12:53:57.737862723 [13] client_message_handler.hpp:179 LOG_INFO Received request for declaring stream S in ClientMessageHandler::stream_declaration_from_string
12:53:57.738706716 [13] client_message_handler.hpp:252 LOG_INFO Received option 
'CREATE QUARANTINE {
FIXED_TIME 10 seconds {S}
}
' in ClientMessageHandler::set_option
12:53:57.739750237 [13] client_message_handler.hpp:240 LOG_INFO Received query 
'SELECT * FROM S
WHERE change_in_heading; change_in_speed_start
PARTITION BY [Vessel_ID]
WITHIN 5 [Time_A]
CONSUME BY NONE
' in ClientMessageHandler::add_query
12:54:28.061437538 [13] client_message_handler.hpp:179 LOG_INFO Received request for declaring stream S in ClientMessageHandler::stream_declaration_from_string
12:54:28.061984268 [13] client_message_handler.hpp:252 LOG_INFO Received option 
'CREATE QUARANTINE {
FIXED_TIME 10 seconds {S}
}
' in ClientMessageHandler::set_option
12:54:28.062584017 [13] client_message_handler.hpp:240 LOG_INFO Received query 
'SELECT * FROM S
WHERE change_in_heading; change_in_speed_start
PARTITION BY [Vessel_ID]
WITHIN 5 [Time_A]
CONSUME BY NONE
' in ClientMessageHandler::add_query
13:01:30.530135078 [13] client_message_handler.hpp:179 LOG_INFO Received request for declaring stream S in ClientMessageHandler::stream_declaration_from_string
13:01:30.530760666 [13] client_message_handler.hpp:240 LOG_INFO Received query 
'SELECT * FROM S
WHERE change_in_heading; change_in_speed_start
PARTITION BY [Vessel_ID]
WITHIN 5 [Time_A]
CONSUME BY NONE
' in ClientMessageHandler::add_query
13:01:38.818252318 [13] client_message_handler.hpp:179 LOG_INFO Received request for declaring stream S in ClientMessageHandler::stream_declaration_from_string
13:01:38.820088873 [13] client_message_handler.hpp:252 LOG_INFO Received option 
'CREATE QUARANTINE {
FIXED_TIME 10 seconds {S}
}
' in ClientMessageHandler::set_option
13:01:38.821120473 [13] client_message_handler.hpp:240 LOG_INFO Received query 
'SELECT * FROM S
WHERE change_in_heading; change_in_speed_start
PARTITION BY [Vessel_ID]
WITHIN 5 [Time_A]
CONSUME BY NONE
' in ClientMessageHandler::add_query
13:06:07.905002091 [13] client_message_handler.hpp:179 LOG_INFO Received request for declaring stream S in ClientMessageHandler::stream_declaration_from_string
13:06:07.905512651 [13] client_message_handler.hpp:240 LOG_INFO Received query 
'SELECT * FROM S
WHERE change_in_heading; change_in_speed_start
PARTITION BY [Vessel_ID]
WITHIN 5 [Time_A]
CONSUME BY NONE
' in ClientMessageHandler::add_query
13:06:11.781616885 [13] client_message_handler.hpp:179 LOG_INFO Received request for declaring stream S in ClientMessageHandler::stream_declaration_from_string
13:06:11.782798293 [13] client_message_handler.hpp:252 LOG_INFO Received option 
'CREATE QUARANTINE {
FIXED_TIME 10 seconds {S}
}
' in ClientMessageHandler::set_option
13:06:11.783943071 [13] client_message_handler.hpp:240 LOG_INFO Received query 
'SELECT * FROM S
WHERE change_in_heading; change_in_speed_start
PARTITION BY [Vessel_ID]
WITHIN 5 [Time_A]
CONSUME BY NONE
' in ClientMessageHandler::add_query
13:08:52.209710514 [13] client_message_handler.hpp:179 LOG_INFO Received request for declaring stream S in ClientMessageHandler::stream_declaration_from_string
13:08:52.209974519 [13] client_message_handler.hpp:240 LOG_INFO Received query 
'SELECT * FROM S
WHERE (BUY as A; SELL as A)
FILTER A[name = 'A']
WITHIN 10 [stock_time]
CONSUME BY NONE
' in ClientMessageHandler::add_query
13:08:56.082920969 [13] client_message_handler.hpp:179 LOG_INFO Received request for declaring stream S in ClientMessageHandler::stream_declaration_from_string
13:08:56.084532608 [13] client_message_handler.hpp:252 LOG_INFO Received option 
'CREATE QUARANTINE {
FIXED_TIME 6 seconds {S}
}
' in ClientMessageHandler::set_option
13:08:56.085541158 [13] client_message_handler.hpp:240 LOG_INFO Received query 
'SELECT * FROM S
WHERE (BUY as A; SELL as A)
FILTER A[name = 'A']
WITHIN 10 [stock_time]
CONSUME BY NONE
' in ClientMessageHandler::add_query
13:10:06.440996040 [13] client_message_handler.hpp:179 LOG_INFO Received request for declaring stream S in ClientMessageHandler::stream_declaration_from_string
13:10:06.441303614 [13] client_message_handler.hpp:240 LOG_INFO Received query 
'SELECT * FROM S
WHERE (BUY as A; SELL as A)
FILTER A[name = 'A']
WITHIN 10 [stock_time]
CONSUME BY NONE
' in ClientMessageHandler::add_query
13:10:10.336595650 [13] client_message_handler.hpp:179 LOG_INFO Received request for declaring stream S in ClientMessageHandler::stream_declaration_from_string
13:10:10.337159449 [13] client_message_handler.hpp:252 LOG_INFO Received option 
'CREATE QUARANTINE {
FIXED_TIME 6 seconds {S}
}
' in ClientMessageHandler::set_option
13:10:10.338504914 [13] client_message_handler.hpp:240 LOG_INFO Received query 
'SELECT * FROM S
WHERE (BUY as A; SELL as A)
FILTER A[name = 'A']
WITHIN 10 [stock_time]
CONSUME BY NONE
' in ClientMessageHandler::add_query
08:31:08.780855462 [13] client_message_handler.hpp:179 LOG_INFO Received request for declaring stream S in ClientMessageHandler::stream_declaration_from_string
08:31:08.781348732 [13] client_message_handler.hpp:240 LOG_INFO Received query 
'SELECT * FROM S
WHERE change_in_heading; change_in_speed_start
PARTITION BY [Vessel_ID]
WITHIN 5 [Time_A]
CONSUME BY NONE
' in ClientMessageHandler::add_query
08:37:24.907072583 [13] client_message_handler.hpp:179 LOG_INFO Received request for declaring stream S in ClientMessageHandler::stream_declaration_from_string
08:37:24.908084074 [13] client_message_handler.hpp:252 LOG_INFO Received option 
'CREATE QUARANTINE {
FIXED_TIME 10 seconds {S}
}
' in ClientMessageHandler::set_option
08:37:24.909154853 [13] client_message_handler.hpp:240 LOG_INFO Received query 
'SELECT * FROM S
WHERE change_in_heading; change_in_speed_start
PARTITION BY [Vessel_ID]
WITHIN 5 [Time_A]
CONSUME BY NONE
' in ClientMessageHandler::add_query
08:47:42.831947437 [13] client_message_handler.hpp:179 LOG_INFO Received request for declaring stream S in ClientMessageHandler::stream_declaration_from_string
08:47:42.832833430 [13] client_message_handler.hpp:252 LOG_INFO Received option 
'CREATE QUARANTINE {
FIXED_TIME 10 seconds {S}
}
' in ClientMessageHandler::set_option
08:47:42.833754122 [13] client_message_handler.hpp:240 LOG_INFO Received query 
'SELECT * FROM S
WHERE change_in_heading; change_in_speed_start
PARTITION BY [Vessel_ID]
WITHIN 5 [Time_A]
CONSUME BY NONE
' in ClientMessageHandler::add_query
08:49:45.388202266 [13] client_message_handler.hpp:179 LOG_INFO Received request for declaring stream S in ClientMessageHandler::stream_declaration_from_string
08:49:45.389184057 [13] client_message_handler.hpp:252 LOG_INFO Received option 
'CREATE QUARANTINE {
FIXED_TIME 10 seconds {S}
}
' in ClientMessageHandler::set_option
08:49:45.390141209 [13] client_message_handler.hpp:240 LOG_INFO Received query 
'SELECT * FROM S
WHERE change_in_heading; change_in_speed_start
PARTITION BY [Vessel_ID]
WITHIN 5 [Time_A]
CONSUME BY NONE
' in ClientMessageHandler::add_query
08:52:04.931365319 [13] client_message_handler.hpp:179 LOG_INFO Received request for declaring stream S in ClientMessageHandler::stream_declaration_from_string
08:52:04.932482757 [13] client_message_handler.hpp:252 LOG_INFO Received option 
'CREATE QUARANTINE {
FIXED_TIME 10 seconds {S}
}
' in ClientMessageHandler::set_option
08:52:04.933779602 [13] client_message_handler.hpp:240 LOG_INFO Received query 
'SELECT * FROM S
WHERE change_in_heading; change_in_speed_start
PARTITION BY [Vessel_ID]
WITHIN 5 [Time_A]
CONSUME BY NONE
' in ClientMessageHandler::add_query
08:52:40.536326296 [13] client_message_handler.hpp:179 LOG_INFO Received request for declaring stream S in ClientMessageHandler::stream_declaration_from_string
08:52:40.537198669 [13] client_message_handler.hpp:252 LOG_INFO Received option 
'CREATE QUARANTINE {
FIXED_TIME 10 seconds {S}
}
' in ClientMessageHandler::set_option
08:52:40.537853407 [13] client_message_handler.hpp:240 LOG_INFO Received query 
'SELECT * FROM S
WHERE change_in_heading; change_in_speed_start
PARTITION BY [Vessel_ID]
WITHIN 5 [Time_A]
CONSUME BY NONE
' in ClientMessageHandler::add_query
09:09:33.325489523 [13] client_message_handler.hpp:179 LOG_INFO Received request for declaring stream S in ClientMessageHandler::stream_declaration_from_string
09:09:33.325850247 [13] client_message_handler.hpp:240 LOG_INFO Received query 
'SELECT * FROM S
WHERE (BUY as A; SELL as A)
FILTER A[name = 'A']
WITHIN 10 [stock_time]
CONSUME BY NONE
' in ClientMessageHandler::add_query
09:09:42.238222637 [13] client_message_handler.hpp:179 LOG_INFO Received request for declaring stream S in ClientMessageHandler::stream_declaration_from_string
09:09:42.238970112 [13] client_message_handler.hpp:252 LOG_INFO Received option 
'CREATE QUARANTINE {
FIXED_TIME 10 seconds {S}
}
' in ClientMessageHandler::set_option
09:09:42.240010592 [13] client_message_handler.hpp:240 LOG_INFO Received query 
'SELECT * FROM S
WHERE change_in_heading; change_in_speed_start
PARTITION BY [Vessel_ID]
WITHIN 5 [Time_A]
CONSUME BY NONE
' in ClientMessageHandler::add_query
09:09:45.775345015 [13] client_message_handler.hpp:179 LOG_INFO Received request for declaring stream S in ClientMessageHandler::stream_declaration_from_string
09:09:45.776053482 [13] client_message_handler.hpp:252 LOG_INFO Received option 
'CREATE QUARANTINE {
FIXED_TIME 10 seconds {S}
}
' in ClientMessageHandler::set_option
09:09:45.777265359 [13] client_message_handler.hpp:240 LOG_INFO Received query 
'SELECT * FROM S
WHERE change_in_heading; change_in_speed_start
PARTITION BY [Vessel_ID]
WITHIN 5 [Time_A]
CONSUME BY NONE
' in ClientMessageHandler::add_query
09:09:48.592793215 [13] client_message_handler.hpp:179 LOG_INFO Received request for declaring stream S in ClientMessageHandler::stream_declaration_from_string
09:09:48.593814726 [13] client_message_handler.hpp:252 LOG_INFO Received option 
'CREATE QUARANTINE {
FIXED_TIME 10 seconds {S}
}
' in ClientMessageHandler::set_option
09:09:48.603441531 [13] client_message_handler.hpp:240 LOG_INFO Received query 
'SELECT * FROM S
WHERE change_in_heading; change_in_speed_start
PARTITION BY [Vessel_ID]
WITHIN 5 [Time_A]
CONSUME BY NONE
' in ClientMessageHandler::add_query
09:09:50.847193289 [13] client_message_handler.hpp:179 LOG_INFO Received request for declaring stream S in ClientMessageHandler::stream_declaration_from_string
09:09:50.850561924 [13] client_message_handler.hpp:252 LOG_INFO Received option 
'CREATE QUARANTINE {
FIXED_TIME 10 seconds {S}
}
' in ClientMessageHandler::set_option
09:09:50.851421977 [13] client_message_handler.hpp:240 LOG_INFO Received query 
'SELECT * FROM S
WHERE change_in_heading; change_in_speed_start
PARTITION BY [Vessel_ID]
WITHIN 5 [Time_A]
CONSUME BY NONE
' in ClientMessageHandler::add_query
09:09:53.560339236 [13] client_message_handler.hpp:179 LOG_INFO Received request for declaring stream S in ClientMessageHandler::stream_declaration_from_string
09:09:53.565678614 [13] client_message_handler.hpp:252 LOG_INFO Received option 
'CREATE QUARANTINE {
FIXED_TIME 10 seconds {S}
}
' in ClientMessageHandler::set_option
09:09:53.567215544 [13] client_message_handler.hpp:240 LOG_INFO Received query 
'SELECT * FROM S
WHERE change_in_heading; change_in_speed_start
PARTITION BY [Vessel_ID]
WITHIN 5 [Time_A]
CONSUME BY NONE
' in ClientMessageHandler::add_query
09:10:04.732807357 [13] client_message_handler.hpp:179 LOG_INFO Received request for declaring stream S in ClientMessageHandler::stream_declaration_from_string
09:10:04.734289098 [13] client_message_handler.hpp:240 LOG_INFO Received query 
'SELECT * FROM S
WHERE (BUY as A; SELL as A)
FILTER A[name = 'A']
WITHIN 10 [stock_time]
CONSUME BY NONE
' in ClientMessageHandler::add_query
09:10:06.804292577 [13] client_message_handler.hpp:179 LOG_INFO Received request for declaring stream S in ClientMessageHandler::stream_declaration_from_string
09:10:06.807567636 [13] client_message_handler.hpp:240 LOG_INFO Received query 
'SELECT * FROM S
WHERE (BUY as A; SELL as A)
FILTER A[name = 'A']
WITHIN 10 [stock_time]
CONSUME BY NONE
' in ClientMessageHandler::add_query
09:10:08.890126369 [13] client_message_handler.hpp:179 LOG_INFO Received request for declaring stream S in ClientMessageHandler::stream_declaration_from_string
09:10:08.890363085 [13] client_message_handler.hpp:240 LOG_INFO Received query 
'SELECT * FROM S
WHERE (BUY as A; SELL as A)
FILTER A[name = 'A']
WITHIN 10 [stock_time]
CONSUME BY NONE
' in ClientMessageHandler::add_query
09:24:43.822785006 [13] client_message_handler.hpp:179 LOG_INFO Received request for declaring stream S in ClientMessageHandler::stream_declaration_from_string
09:24:43.823220668 [13] client_message_handler.hpp:240 LOG_INFO Received query 
'SELECT * FROM S
WHERE change_in_heading; change_in_speed_start
PARTITION BY [Vessel_ID]
WITHIN 5 [Time_A]
CONSUME BY NONE
' in ClientMessageHandler::add_query
09:25:52.537849959 [13] client_message_handler.hpp:179 LOG_INFO Received request for declaring stream S in ClientMessageHandler::stream_declaration_from_string
09:25:52.538831501 [13] client_message_handler.hpp:252 LOG_INFO Received option 
'CREATE QUARANTINE {
FIXED_TIME 10 seconds {S}
}
' in ClientMessageHandler::set_option
09:25:52.539982928 [13] client_message_handler.hpp:240 LOG_INFO Received query 
'SELECT * FROM S
WHERE change_in_heading; change_in_speed_start
PARTITION BY [Vessel_ID]
WITHIN 5 [Time_A]
CONSUME BY NONE
' in ClientMessageHandler::add_query
10:16:26.212678429 [12] client_message_handler.hpp:179 LOG_INFO Received request for declaring stream S in ClientMessageHandler::stream_declaration_from_string
10:16:26.213453714 [12] client_message_handler.hpp:252 LOG_INFO Received option 
'CREATE QUARANTINE {
FIXED_TIME 10 seconds {S}
}
' in ClientMessageHandler::set_option
10:16:26.214357897 [12] client_message_handler.hpp:240 LOG_INFO Received query 
'SELECT * FROM S
WHERE change_in_heading; change_in_speed_start
PARTITION BY [Vessel_ID]
WITHIN 5 [Time_A]
CONSUME BY NONE
' in ClientMessageHandler::add_query
10:25:33.332912315 [13] client_message_handler.hpp:179 LOG_INFO Received request for declaring stream S in ClientMessageHandler::stream_declaration_from_string
10:25:33.333572842 [13] client_message_handler.hpp:252 LOG_INFO Received option 
'CREATE QUARANTINE {
FIXED_TIME 10 seconds {S}
}
' in ClientMessageHandler::set_option
10:25:33.334329268 [13] client_message_handler.hpp:240 LOG_INFO Received query 
'SELECT * FROM S
WHERE change_in_heading; change_in_speed_start
PARTITION BY [Vessel_ID]
WITHIN 5 [Time_A]
CONSUME BY NONE
' in ClientMessageHandler::add_query
10:28:13.522314269 [13] client_message_handler.hpp:179 LOG_INFO Received request for declaring stream S in ClientMessageHandler::stream_declaration_from_string
10:28:13.523235961 [13] client_message_handler.hpp:252 LOG_INFO Received option 
'CREATE QUARANTINE {
FIXED_TIME 10 seconds {S}
}
' in ClientMessageHandler::set_option
10:28:13.523896309 [13] client_message_handler.hpp:240 LOG_INFO Received query 
'SELECT * FROM S
WHERE change_in_heading; change_in_speed_start
PARTITION BY [Vessel_ID]
WITHIN 5 [Time_A]
CONSUME BY NONE
' in ClientMessageHandler::add_query
10:30:01.769348283 [13] client_message_handler.hpp:179 LOG_INFO Received request for declaring stream S in ClientMessageHandler::stream_declaration_from_string
10:30:01.769941172 [13] client_message_handler.hpp:252 LOG_INFO Received option 
'CREATE QUARANTINE {
FIXED_TIME 10 seconds {S}
}
' in ClientMessageHandler::set_option
10:30:01.770557540 [13] client_message_handler.hpp:240 LOG_INFO Received query 
'SELECT * FROM S
WHERE change_in_heading; change_in_speed_start
PARTITION BY [Vessel_ID]
WITHIN 5 [Start_Time]
CONSUME BY NONE
' in ClientMessageHandler::add_query
10:31:52.777065483 [13] client_message_handler.hpp:179 LOG_INFO Received request for declaring stream S in ClientMessageHandler::stream_declaration_from_string
10:31:52.778134732 [13] client_message_handler.hpp:252 LOG_INFO Received option 
'CREATE QUARANTINE {
FIXED_TIME 10 seconds {S}
}
' in ClientMessageHandler::set_option
10:31:52.779065644 [13] client_message_handler.hpp:240 LOG_INFO Received query 
'SELECT * FROM S
WHERE entersArea; slow_motion_start; stop_start
PARTITION BY [Vessel_ID]
WITHIN 900 [Time_A]
CONSUME BY NONE' in ClientMessageHandler::add_query
10:32:19.652523415 [13] client_message_handler.hpp:179 LOG_INFO Received request for declaring stream S in ClientMessageHandler::stream_declaration_from_string
10:32:19.653273920 [13] client_message_handler.hpp:252 LOG_INFO Received option 
'CREATE QUARANTINE {
FIXED_TIME 10 seconds {S}
}
' in ClientMessageHandler::set_option
10:32:19.654123174 [13] client_message_handler.hpp:240 LOG_INFO Received query 
'SELECT * FROM S
WHERE entersArea; slow_motion_start; stop_start
PARTITION BY [Vessel_ID]
WITHIN 900 [Time_A]
CONSUME BY NONE' in ClientMessageHandler::add_query
10:32:51.910429259 [13] client_message_handler.hpp:179 LOG_INFO Received request for declaring stream S in ClientMessageHandler::stream_declaration_from_string
10:32:51.911182175 [13] client_message_handler.hpp:252 LOG_INFO Received option 
'CREATE QUARANTINE {
FIXED_TIME 10 seconds {S}
}
' in ClientMessageHandler::set_option
10:32:51.911953690 [13] client_message_handler.hpp:240 LOG_INFO Received query 
'SELECT * FROM S
WHERE entersArea; slow_motion_start; stop_start
PARTITION BY [Vessel_ID]
WITHIN 900 [Time_A]
CONSUME BY NONE' in ClientMessageHandler::add_query
10:33:26.389192829 [13] client_message_handler.hpp:179 LOG_INFO Received request for declaring stream S in ClientMessageHandler::stream_declaration_from_string
10:33:26.390214149 [13] client_message_handler.hpp:252 LOG_INFO Received option 
'CREATE QUARANTINE {
FIXED_TIME 10 seconds {S}
}
' in ClientMessageHandler::set_option
10:33:26.391332328 [13] client_message_handler.hpp:240 LOG_INFO Received query 
'SELECT * FROM S
WHERE entersArea; slow_motion_start; stop_start
PARTITION BY [Vessel_ID]
WITHIN 900 [Time_A]
CONSUME BY NONE' in ClientMessageHandler::add_query
10:35:16.504935110 [13] client_message_handler.hpp:179 LOG_INFO Received request for declaring stream S in ClientMessageHandler::stream_declaration_from_string
10:35:16.505337163 [13] client_message_handler.hpp:240 LOG_INFO Received query 
'SELECT * FROM S
WHERE entersArea; slow_motion_start; stop_start
PARTITION BY [Vessel_ID]
WITHIN 900 [Time_A]
CONSUME BY NONE' in ClientMessageHandler::add_query
10:35:24.454679805 [13] client_message_handler.hpp:179 LOG_INFO Received request for declaring stream S in ClientMessageHandler::stream_declaration_from_string
10:35:24.455352122 [13] client_message_handler.hpp:252 LOG_INFO Received option 
'CREATE QUARANTINE {
FIXED_TIME 10 seconds {S}
}
' in ClientMessageHandler::set_option
10:35:24.456300494 [13] client_message_handler.hpp:240 LOG_INFO Received query 
'SELECT * FROM S
WHERE entersArea; slow_motion_start; stop_start
PARTITION BY [Vessel_ID]
WITHIN 900 [Time_A]
CONSUME BY NONE' in ClientMessageHandler::add_query
10:36:23.030606026 [13] client_message_handler.hpp:179 LOG_INFO Received request for declaring stream S in ClientMessageHandler::stream_declaration_from_string
10:36:23.030918270 [13] client_message_handler.hpp:240 LOG_INFO Received query 
'SELECT * FROM S
WHERE entersArea; slow_motion_start; stop_start
PARTITION BY [Vessel_ID]
WITHIN 900 [Time_A]
CONSUME BY NONE' in ClientMessageHandler::add_query
10:36:31.021832337 [13] client_message_handler.hpp:179 LOG_INFO Received request for declaring stream S in ClientMessageHandler::stream_declaration_from_string
10:36:31.022584823 [13] client_message_handler.hpp:252 LOG_INFO Received option 
'CREATE QUARANTINE {
FIXED_TIME 10 seconds {S}
}
' in ClientMessageHandler::set_option
10:36:31.023595823 [13] client_message_handler.hpp:240 LOG_INFO Received query 
'SELECT * FROM S
WHERE entersArea; slow_motion_start; stop_start
PARTITION BY [Vessel_ID]
WITHIN 900 [Time_A]
CONSUME BY NONE' in ClientMessageHandler::add_query
10:38:12.779112504 [13] client_message_handler.hpp:179 LOG_INFO Received request for declaring stream S in ClientMessageHandler::stream_declaration_from_string
10:38:12.779494847 [13] client_message_handler.hpp:240 LOG_INFO Received query 
'SELECT * FROM S
WHERE entersArea; slow_motion_start; stop_start
PARTITION BY [Vessel_ID]
WITHIN 900 [Time_A]
CONSUME BY NONE' in ClientMessageHandler::add_query
10:38:20.707700704 [13] client_message_handler.hpp:179 LOG_INFO Received request for declaring stream S in ClientMessageHandler::stream_declaration_from_string
10:38:20.708631526 [13] client_message_handler.hpp:252 LOG_INFO Received option 
'CREATE QUARANTINE {
FIXED_TIME 10 seconds {S}
}
' in ClientMessageHandler::set_option
10:38:20.709637387 [13] client_message_handler.hpp:240 LOG_INFO Received query 
'SELECT * FROM S
WHERE entersArea; slow_motion_start; stop_start
PARTITION BY [Vessel_ID]
WITHIN 900 [Time_A]
CONSUME BY NONE' in ClientMessageHandler::add_query
10:38:51.613308415 [13] client_message_handler.hpp:179 LOG_INFO Received request for declaring stream S in ClientMessageHandler::stream_declaration_from_string
10:38:51.613933533 [13] client_message_handler.hpp:240 LOG_INFO Received query 
'SELECT * FROM S
WHERE entersArea; slow_motion_start; stop_start
PARTITION BY [Vessel_ID]
WITHIN 900 [Time_A]
CONSUME BY NONE' in ClientMessageHandler::add_query
10:38:59.748691235 [13] client_message_handler.hpp:179 LOG_INFO Received request for declaring stream S in ClientMessageHandler::stream_declaration_from_string
10:38:59.749544288 [13] client_message_handler.hpp:252 LOG_INFO Received option 
'CREATE QUARANTINE {
FIXED_TIME 10 seconds {S}
}
' in ClientMessageHandler::set_option
10:38:59.750543579 [13] client_message_handler.hpp:240 LOG_INFO Received query 
'SELECT * FROM S
WHERE entersArea; slow_motion_start; stop_start
PARTITION BY [Vessel_ID]
WITHIN 900 [Time_A]
CONSUME BY NONE' in ClientMessageHandler::add_query
10:39:29.076964714 [13] client_message_handler.hpp:179 LOG_INFO Received request for declaring stream S in ClientMessageHandler::stream_declaration_from_string
10:39:29.077488984 [13] client_message_handler.hpp:240 LOG_INFO Received query 
'SELECT * FROM S
WHERE entersArea; slow_motion_start; stop_start
PARTITION BY [Vessel_ID]
WITHIN 900 [Time_A]
CONSUME BY NONE' in ClientMessageHandler::add_query
10:39:37.120729552 [13] client_message_handler.hpp:179 LOG_INFO Received request for declaring stream S in ClientMessageHandler::stream_declaration_from_string
10:39:37.121754112 [13] client_message_handler.hpp:252 LOG_INFO Received option 
'CREATE QUARANTINE {
FIXED_TIME 10 seconds {S}
}
' in ClientMessageHandler::set_option
10:39:37.122879540 [13] client_message_handler.hpp:240 LOG_INFO Received query 
'SELECT * FROM S
WHERE entersArea; slow_motion_start; stop_start
PARTITION BY [Vessel_ID]
WITHIN 900 [Time_A]
CONSUME BY NONE' in ClientMessageHandler::add_query
10:40:08.630668401 [13] client_message_handler.hpp:179 LOG_INFO Received request for declaring stream S in ClientMessageHandler::stream_declaration_from_string
10:40:08.630987635 [13] client_message_handler.hpp:240 LOG_INFO Received query 
'SELECT * FROM S
WHERE entersArea; slow_motion_start; stop_start
PARTITION BY [Vessel_ID]
WITHIN 900 [Time_A]
CONSUME BY NONE' in ClientMessageHandler::add_query
10:40:16.571656437 [13] client_message_handler.hpp:179 LOG_INFO Received request for declaring stream S in ClientMessageHandler::stream_declaration_from_string
10:40:16.572556349 [13] client_message_handler.hpp:252 LOG_INFO Received option 
'CREATE QUARANTINE {
FIXED_TIME 10 seconds {S}
}
' in ClientMessageHandler::set_option
10:40:16.573360374 [13] client_message_handler.hpp:240 LOG_INFO Received query 
'SELECT * FROM S
WHERE entersArea; slow_motion_start; stop_start
PARTITION BY [Vessel_ID]
WITHIN 900 [Time_A]
CONSUME BY NONE' in ClientMessageHandler::add_query
10:43:55.927261706 [13] client_message_handler.hpp:179 LOG_INFO Received request for declaring stream S in ClientMessageHandler::stream_declaration_from_string
10:43:55.928262467 [13] client_message_handler.hpp:252 LOG_INFO Received option 
'CREATE QUARANTINE {
FIXED_TIME 10 seconds {S}
}
' in ClientMessageHandler::set_option
10:43:55.929219139 [13] client_message_handler.hpp:240 LOG_INFO Received query 
'SELECT * FROM S
WHERE entersArea; slow_motion_start; stop_start
PARTITION BY [Vessel_ID]
WITHIN 900 [Time_A]
CONSUME BY NONE' in ClientMessageHandler::add_query
10:44:21.303538620 [13] client_message_handler.hpp:179 LOG_INFO Received request for declaring stream S in ClientMessageHandler::stream_declaration_from_string
10:44:21.304504162 [13] client_message_handler.hpp:252 LOG_INFO Received option 
'CREATE QUARANTINE {
FIXED_TIME 10 seconds {S}
}
' in ClientMessageHandler::set_option
10:44:21.305549562 [13] client_message_handler.hpp:240 LOG_INFO Received query 
'SELECT * FROM S
WHERE entersArea; slow_motion_start; stop_start
PARTITION BY [Vessel_ID]
WITHIN 900 [Time_A]
CONSUME BY NONE' in ClientMessageHandler::add_query
10:44:47.003849408 [13] client_message_handler.hpp:179 LOG_INFO Received request for declaring stream S in ClientMessageHandler::stream_declaration_from_string
10:44:47.004800359 [13] client_message_handler.hpp:252 LOG_INFO Received option 
'CREATE QUARANTINE {
FIXED_TIME 10 seconds {S}
}
' in ClientMessageHandler::set_option
10:44:47.005987647 [13] client_message_handler.hpp:240 LOG_INFO Received query 
'SELECT * FROM S
WHERE entersArea; slow_motion_start; stop_start
PARTITION BY [Vessel_ID]
WITHIN 900 [Time_A]
CONSUME BY NONE' in ClientMessageHandler::add_query
10:45:24.421504860 [13] client_message_handler.hpp:179 LOG_INFO Received request for declaring stream S in ClientMessageHandler::stream_declaration_from_string
10:45:24.422240356 [13] client_message_handler.hpp:252 LOG_INFO Received option 
'CREATE QUARANTINE {
FIXED_TIME 10 seconds {S}
}
' in ClientMessageHandler::set_option
10:45:24.422928483 [13] client_message_handler.hpp:240 LOG_INFO Received query 
'SELECT * FROM S
WHERE entersArea; slow_motion_start; stop_start
PARTITION BY [Vessel_ID]
WITHIN 900 [Time_A]
CONSUME BY NONE' in ClientMessageHandler::add_query
10:57:50.899334913 [13] client_message_handler.hpp:179 LOG_INFO Received request for declaring stream  in ClientMessageHandler::stream_declaration_from_string
10:57:50.900538610 [13] client_message_handler.hpp:252 LOG_INFO Received option 
'CREATE QUARANTINE {
FIXED_TIME 10 seconds {S}
}
' in ClientMessageHandler::set_option
10:57:50.901905304 [13] client_message_handler.hpp:240 LOG_INFO Received query 
'SELECT * FROM S
WHERE change_in_heading; change_in_speed_start
PARTITION BY [Vessel_ID]
WITHIN 5 [Start_Time]
CONSUME BY NONE
' in ClientMessageHandler::add_query
10:57:56.603674130 [13] client_message_handler.hpp:179 LOG_INFO Received request for declaring stream  in ClientMessageHandler::stream_declaration_from_string
10:57:56.604573912 [13] client_message_handler.hpp:252 LOG_INFO Received option 
'CREATE QUARANTINE {
FIXED_TIME 10 seconds {S}
}
' in ClientMessageHandler::set_option
10:57:56.605869178 [13] client_message_handler.hpp:240 LOG_INFO Received query 
'SELECT * FROM S
WHERE change_in_heading; change_in_speed_start
PARTITION BY [Vessel_ID]
WITHIN 5 [Start_Time]
CONSUME BY NONE
' in ClientMessageHandler::add_query
11:01:22.079401766 [13] client_message_handler.hpp:179 LOG_INFO Received request for declaring stream  in ClientMessageHandler::stream_declaration_from_string
11:01:22.080043034 [13] client_message_handler.hpp:252 LOG_INFO Received option 
'CREATE QUARANTINE {
FIXED_TIME 10 seconds {S}
}
' in ClientMessageHandler::set_option
11:01:22.080947657 [13] client_message_handler.hpp:240 LOG_INFO Received query 
'SELECT * FROM S
WHERE change_in_heading; change_in_speed_start
PARTITION BY [Vessel_ID]
WITHIN 5 [Start_Time]
CONSUME BY NONE
' in ClientMessageHandler::add_query
11:02:28.822125492 [13] client_message_handler.hpp:179 LOG_INFO Received request for declaring stream  in ClientMessageHandler::stream_declaration_from_string
11:02:28.822911807 [13] client_message_handler.hpp:252 LOG_INFO Received option 
'CREATE QUARANTINE {
FIXED_TIME 10 seconds {S}
}
' in ClientMessageHandler::set_option
11:02:28.824034396 [13] client_message_handler.hpp:240 LOG_INFO Received query 
'SELECT * FROM S
WHERE gap_end; gap_end
PARTITION BY [Vessel_ID]
WITHIN 5000 [Start_Time]
CONSUME BY NONE
' in ClientMessageHandler::add_query
11:02:59.847642800 [13] client_message_handler.hpp:179 LOG_INFO Received request for declaring stream  in ClientMessageHandler::stream_declaration_from_string
11:02:59.847992244 [13] client_message_handler.hpp:240 LOG_INFO Received query 
'SELECT * FROM S
WHERE gap_end; gap_end
PARTITION BY [Vessel_ID]
WITHIN 5000 [Start_Time]
CONSUME BY NONE
' in ClientMessageHandler::add_query
11:08:49.844825403 [13] client_message_handler.hpp:179 LOG_INFO Received request for declaring stream  in ClientMessageHandler::stream_declaration_from_string
11:08:49.845245845 [13] client_message_handler.hpp:240 LOG_INFO Received query 
'SELECT * FROM S
WHERE gap_end; gap_end
PARTITION BY [Vessel_ID]
WITHIN 5000 [Start_Time]
CONSUME BY NONE
' in ClientMessageHandler::add_query
11:08:53.633144771 [13] client_message_handler.hpp:179 LOG_INFO Received request for declaring stream  in ClientMessageHandler::stream_declaration_from_string
11:08:53.634084803 [13] client_message_handler.hpp:252 LOG_INFO Received option 
'CREATE QUARANTINE {
FIXED_TIME 10 seconds {S}
}
' in ClientMessageHandler::set_option
11:08:53.635884358 [13] client_message_handler.hpp:240 LOG_INFO Received query 
'SELECT * FROM S
WHERE gap_end; gap_end
PARTITION BY [Vessel_ID]
WITHIN 5000 [Start_Time]
CONSUME BY NONE
' in ClientMessageHandler::add_query
11:08:56.981750753 [13] client_message_handler.hpp:179 LOG_INFO Received request for declaring stream  in ClientMessageHandler::stream_declaration_from_string
11:08:56.982090906 [13] client_message_handler.hpp:240 LOG_INFO Received query 
'SELECT * FROM S
WHERE gap_end; gap_end
PARTITION BY [Vessel_ID]
WITHIN 5000 [Start_Time]
CONSUME BY NONE
' in ClientMessageHandler::add_query
11:09:00.693220547 [13] client_message_handler.hpp:179 LOG_INFO Received request for declaring stream  in ClientMessageHandler::stream_declaration_from_string
11:09:00.693722717 [13] client_message_handler.hpp:252 LOG_INFO Received option 
'CREATE QUARANTINE {
FIXED_TIME 10 seconds {S}
}
' in ClientMessageHandler::set_option
11:09:00.700895830 [13] client_message_handler.hpp:240 LOG_INFO Received query 
'SELECT * FROM S
WHERE gap_end; gap_end
PARTITION BY [Vessel_ID]
WITHIN 5000 [Start_Time]
CONSUME BY NONE
' in ClientMessageHandler::add_query
11:09:14.445224036 [13] client_message_handler.hpp:179 LOG_INFO Received request for declaring stream  in ClientMessageHandler::stream_declaration_from_string
11:09:14.445929302 [13] client_message_handler.hpp:252 LOG_INFO Received option 
'CREATE QUARANTINE {
FIXED_TIME 10 seconds {S}
}
' in ClientMessageHandler::set_option
11:09:14.447035271 [13] client_message_handler.hpp:240 LOG_INFO Received query 
'SELECT * FROM S
WHERE gap_end; gap_end
PARTITION BY [Vessel_ID]
WITHIN 5000 [Start_Time]
CONSUME BY NONE
' in ClientMessageHandler::add_query
11:24:02.900710671 [13] client_message_handler.hpp:179 LOG_INFO Received request for declaring stream S in ClientMessageHandler::stream_declaration_from_string
11:24:02.901051014 [13] client_message_handler.hpp:240 LOG_INFO Received query 
'SELECT * FROM S
WHERE entersArea; slow_motion_start; stop_start
PARTITION BY [Vessel_ID]
WITHIN 900 [Time_A]
CONSUME BY NONE' in ClientMessageHandler::add_query
11:24:11.317611182 [13] client_message_handler.hpp:179 LOG_INFO Received request for declaring stream S in ClientMessageHandler::stream_declaration_from_string
11:24:11.318398607 [13] client_message_handler.hpp:252 LOG_INFO Received option 
'CREATE QUARANTINE {
FIXED_TIME 10 seconds {S}
}
' in ClientMessageHandler::set_option
11:24:11.318935586 [13] client_message_handler.hpp:240 LOG_INFO Received query 
'SELECT * FROM S
WHERE entersArea; slow_motion_start; stop_start
PARTITION BY [Vessel_ID]
WITHIN 900 [Time_A]
CONSUME BY NONE' in ClientMessageHandler::add_query
11:25:04.801100659 [13] client_message_handler.hpp:179 LOG_INFO Received request for declaring stream  in ClientMessageHandler::stream_declaration_from_string
11:25:04.801968463 [13] client_message_handler.hpp:252 LOG_INFO Received option 
'CREATE QUARANTINE {
FIXED_TIME 10 seconds {S}
}
' in ClientMessageHandler::set_option
11:25:04.803254298 [13] client_message_handler.hpp:240 LOG_INFO Received query 
'SELECT * FROM S
WHERE gap_end; gap_end
PARTITION BY [Vessel_ID]
WITHIN 5000 [Start_Time]
CONSUME BY NONE
' in ClientMessageHandler::add_query
11:26:37.641383817 [13] client_message_handler.hpp:179 LOG_INFO Received request for declaring stream  in ClientMessageHandler::stream_declaration_from_string
11:26:37.642235671 [13] client_message_handler.hpp:252 LOG_INFO Received option 
'CREATE QUARANTINE {
FIXED_TIME 10 seconds {S}
}
' in ClientMessageHandler::set_option
11:26:37.643571515 [13] client_message_handler.hpp:240 LOG_INFO Received query 
'SELECT * FROM S
WHERE gap_end; gap_end
PARTITION BY [Vessel_ID]
WITHIN 5000 [Start_Time]
CONSUME BY NONE
' in ClientMessageHandler::add_query
11:27:24.864636583 [13] client_message_handler.hpp:179 LOG_INFO Received request for declaring stream  in ClientMessageHandler::stream_declaration_from_string
11:27:24.865469237 [13] client_message_handler.hpp:252 LOG_INFO Received option 
'CREATE QUARANTINE {
FIXED_TIME 10 seconds {S}
}
' in ClientMessageHandler::set_option
11:27:24.866709173 [13] client_message_handler.hpp:240 LOG_INFO Received query 
'SELECT * FROM S
WHERE gap_end; gap_end
PARTITION BY [Vessel_ID]
WITHIN 5000 [Start_Time]
CONSUME BY NONE
' in ClientMessageHandler::add_query
11:27:50.825525115 [13] client_message_handler.hpp:179 LOG_INFO Received request for declaring stream  in ClientMessageHandler::stream_declaration_from_string
11:27:50.825863109 [13] client_message_handler.hpp:240 LOG_INFO Received query 
'SELECT * FROM S
WHERE gap_end; gap_end
PARTITION BY [Vessel_ID]
WITHIN 5000 [Start_Time]
CONSUME BY NONE
' in ClientMessageHandler::add_query
11:28:52.173805184 [13] client_message_handler.hpp:179 LOG_INFO Received request for declaring stream S in ClientMessageHandler::stream_declaration_from_string
11:28:52.174339203 [13] client_message_handler.hpp:240 LOG_INFO Received query 
'SELECT * FROM S
WHERE entersArea; slow_motion_start; stop_start
PARTITION BY [Vessel_ID]
WITHIN 900 [Time_A]
CONSUME BY NONE' in ClientMessageHandler::add_query
11:29:03.377669635 [13] client_message_handler.hpp:179 LOG_INFO Received request for declaring stream S in ClientMessageHandler::stream_declaration_from_string
11:29:03.378720285 [13] client_message_handler.hpp:252 LOG_INFO Received option 
'CREATE QUARANTINE {
FIXED_TIME 10 seconds {S}
}
' in ClientMessageHandler::set_option
11:29:03.379890083 [13] client_message_handler.hpp:240 LOG_INFO Received query 
'SELECT * FROM S
WHERE entersArea; slow_motion_start; stop_start
PARTITION BY [Vessel_ID]
WITHIN 900 [Time_A]
CONSUME BY NONE' in ClientMessageHandler::add_query
11:29:56.457393891 [13] client_message_handler.hpp:179 LOG_INFO Received request for declaring stream S in ClientMessageHandler::stream_declaration_from_string
11:29:56.458397572 [13] client_message_handler.hpp:252 LOG_INFO Received option 
'CREATE QUARANTINE {
FIXED_TIME 10 seconds {S}
}
' in ClientMessageHandler::set_option
11:29:56.459581949 [13] client_message_handler.hpp:240 LOG_INFO Received query 
'SELECT * FROM S
WHERE entersArea; slow_motion_start; stop_start
PARTITION BY [Vessel_ID]
WITHIN 900 [Time_A]
CONSUME BY NONE' in ClientMessageHandler::add_query
11:47:20.061112663 [13] client_message_handler.hpp:179 LOG_INFO Received request for declaring stream S in ClientMessageHandler::stream_declaration_from_string
11:47:20.061592573 [13] client_message_handler.hpp:240 LOG_INFO Received query 
'SELECT * FROM S
WHERE gap_end; gap_end
PARTITION BY [Vessel_ID]
WITHIN 5000 [Start_Time]
CONSUME BY NONE
' in ClientMessageHandler::add_query
11:53:04.574260066 [13] client_message_handler.hpp:179 LOG_INFO Received request for declaring stream S in ClientMessageHandler::stream_declaration_from_string
11:53:04.574643788 [13] client_message_handler.hpp:240 LOG_INFO Received query 
'SELECT * FROM S
WHERE gap_end; gap_end
PARTITION BY [Vessel_ID]
WITHIN 5000 [Start_Time]
CONSUME BY NONE
' in ClientMessageHandler::add_query
11:53:33.694894924 [13] client_message_handler.hpp:179 LOG_INFO Received request for declaring stream S in ClientMessageHandler::stream_declaration_from_string
11:53:33.695294896 [13] client_message_handler.hpp:240 LOG_INFO Received query 
'SELECT * FROM S
WHERE gap_end; gap_end
PARTITION BY [Vessel_ID]
WITHIN 5000 [Start_Time]
CONSUME BY NONE
' in ClientMessageHandler::add_query
12:10:34.320178249 [13] client_message_handler.hpp:179 LOG_INFO Received request for declaring stream S in ClientMessageHandler::stream_declaration_from_string
12:10:34.320769958 [13] client_message_handler.hpp:240 LOG_INFO Received query 
'SELECT * FROM S
WHERE gap_end; gap_end
PARTITION BY [Vessel_ID]
WITHIN 5000 [Start_Time]
CONSUME BY NONE
' in ClientMessageHandler::add_query
12:10:46.459288574 [13] client_message_handler.hpp:179 LOG_INFO Received request for declaring stream S in ClientMessageHandler::stream_declaration_from_string
12:10:46.460229895 [13] client_message_handler.hpp:252 LOG_INFO Received option 
'CREATE QUARANTINE {
FIXED_TIME 10 seconds {S}
}
' in ClientMessageHandler::set_option
12:10:46.461420012 [13] client_message_handler.hpp:240 LOG_INFO Received query 
'SELECT * FROM S
WHERE gap_end; gap_end
PARTITION BY [Vessel_ID]
WITHIN 5000 [Start_Time]
CONSUME BY NONE
' in ClientMessageHandler::add_query
12:11:12.503475818 [13] client_message_handler.hpp:179 LOG_INFO Received request for declaring stream S in ClientMessageHandler::stream_declaration_from_string
12:11:12.503824641 [13] client_message_handler.hpp:240 LOG_INFO Received query 
'SELECT * FROM S
WHERE gap_end; gap_end
PARTITION BY [Vessel_ID]
WITHIN 5000 [Start_Time]
CONSUME BY NONE
' in ClientMessageHandler::add_query
